date,last
2023-05-15,295.9
2023-05-12,296.14
2023-05-11,294.79
2023-05-10,296.57
2023-05-09,296.66
2023-05-08,296.69
2023-05-05,296.6
2023-05-04,295.16
2023-05-03,295.22
2023-05-02,298.07
2023-05-01,297.58
2023-04-28,295.75
2023-04-27,294.72
2023-04-26,289.76
2023-04-25,291.51
2023-04-24,293.2
2023-04-21,292.06
2023-04-20,291.0
2023-04-19,291.27
2023-04-18,290.91
2023-04-17,289.31
2023-04-14,288.98
2023-04-13,289.07
2023-04-12,285.3
2023-04-11,284.48
2023-04-10,283.78
2023-04-06,282.89
2023-04-05,282.02
2023-04-04,282.28
2023-04-03,282.14
2023-03-31,279.53
2023-03-30,277.79
2023-03-29,277.44
2023-03-28,275.85
2023-03-27,273.84
2023-03-24,271.33
2023-03-23,269.62
2023-03-22,267.87
2023-03-21,270.21
2023-03-20,270.74
2023-03-17,267.2
2023-03-16,270.57
2023-03-15,266.34
2023-03-14,265.9
2023-03-13,263.08
2023-03-10,262.03
2023-03-09,261.63
2023-03-08,265.33
2023-03-07,267.13
2023-03-06,270.64
2023-03-03,269.07
2023-03-02,267.57
2023-03-01,262.72
2023-02-28,263.91
2023-02-27,264.78
2023-02-24,263.68
2023-02-23,266.78
2023-02-22,268.64
2023-02-21,268.55
2023-02-17,269.99
2023-02-16,265.83
2023-02-15,266.56
2023-02-14,266.61
2023-02-13,266.2
2023-02-10,262.42
2023-02-09,260.66
2023-02-08,262.82
2023-02-07,267.34
2023-02-06,267.92
2023-02-03,264.23
2023-02-02,263.21
2023-02-01,266.27
2023-01-31,267.4
2023-01-30,270.89
2023-01-27,272.46
2023-01-26,274.72
2023-01-25,273.0
2023-01-24,269.56
2023-01-23,269.29
2023-01-20,268.58
2023-01-19,263.58
2023-01-18,266.04
2023-01-17,274.11
2023-01-13,268.89
2023-01-12,266.69
2023-01-11,268.81
2023-01-10,268.91
2023-01-09,267.25
2023-01-06,269.47
2023-01-05,262.16
2023-01-04,264.39
2023-01-03,264.33
2022-12-30,263.53
2022-12-29,265.93
2022-12-28,265.11
2022-12-27,266.84
2022-12-23,267.57
2022-12-22,265.77
2022-12-21,268.16
2022-12-20,267.25
2022-12-19,265.83
2022-12-16,266.12
2022-12-15,271.73
2022-12-14,274.53
2022-12-13,274.28
2022-12-12,276.62
2022-12-09,272.04
2022-12-08,273.39
2022-12-07,270.34
2022-12-06,271.77
2022-12-05,271.59
2022-12-02,273.4
2022-12-01,273.4
2022-11-30,272.79
2022-11-29,271.41
2022-11-28,272.88
2022-11-25,275.0
2022-11-23,273.27
2022-11-22,274.76
2022-11-21,274.52
2022-11-18,273.37
2022-11-17,273.36
2022-11-16,272.51
2022-11-15,267.84
2022-11-14,272.27
2022-11-11,271.39
2022-11-10,275.88
2022-11-09,277.79
2022-11-08,278.4
2022-11-07,276.41
2022-11-04,274.62
2022-11-03,272.95
2022-11-02,270.37
2022-11-01,272.95
2022-10-31,272.66
2022-10-28,274.52
2022-10-27,265.11
2022-10-26,256.61
2022-10-25,255.73
2022-10-24,255.32
2022-10-21,254.55
2022-10-20,249.77
2022-10-19,250.75
2022-10-18,249.19
2022-10-17,246.48
2022-10-14,243.16
2022-10-13,246.75
2022-10-12,237.06
2022-10-11,237.05
2022-10-10,234.95
2022-10-07,233.19
2022-10-06,234.75
2022-10-05,239.09
2022-10-04,238.5
2022-10-03,235.34
2022-09-30,230.74
2022-09-29,234.4
2022-09-28,236.94
2022-09-27,236.7
2022-09-26,243.76
2022-09-23,245.95
2022-09-22,247.94
2022-09-21,251.08
2022-09-20,255.4
2022-09-19,257.01
2022-09-16,254.91
2022-09-15,253.47
2022-09-14,255.72
2022-09-13,255.74
2022-09-12,260.37
2022-09-09,259.52
2022-09-08,260.08
2022-09-07,258.42
2022-09-06,254.39
2022-09-02,254.51
2022-09-01,256.47
2022-08-31,252.28
2022-08-30,253.49
2022-08-29,255.66
2022-08-26,256.95
2022-08-25,262.56
2022-08-24,260.86
2022-08-23,260.54
2022-08-22,262.95
2022-08-19,266.54
2022-08-18,266.58
2022-08-17,266.82
2022-08-16,266.29
2022-08-15,265.44
2022-08-12,262.18
2022-08-11,259.28
2022-08-10,261.36
2022-08-09,260.06
2022-08-08,256.8
2022-08-05,259.23
2022-08-04,260.64
2022-08-03,262.09
2022-08-02,261.05
2022-08-01,264.23
2022-07-29,263.37
2022-07-28,263.46
2022-07-27,258.89
2022-07-26,257.09
2022-07-25,250.38
2022-07-22,253.99
2022-07-21,253.47
2022-07-20,254.58
2022-07-19,256.5
2022-07-18,252.42
2022-07-15,255.01
2022-07-14,252.6
2022-07-13,252.67
2022-07-12,251.48
2022-07-11,253.28
2022-07-08,253.24
2022-07-07,252.94
2022-07-06,251.46
2022-07-05,252.29
2022-07-01,252.96
2022-06-30,246.91
2022-06-29,247.74
2022-06-28,242.83
2022-06-27,247.03
2022-06-24,247.9
2022-06-23,243.58
2022-06-22,243.01
2022-06-21,239.59
2022-06-17,234.38
2022-06-16,235.19
2022-06-15,238.9
2022-06-14,238.76
2022-06-13,238.47
2022-06-10,237.38
2022-06-09,242.16
2022-06-08,245.61
2022-06-07,248.94
2022-06-06,248.07
2022-06-03,248.36
2022-06-02,250.38
2022-06-01,249.28
2022-05-31,252.21
2022-05-27,251.87
2022-05-26,248.09
2022-05-25,244.01
2022-05-24,244.52
2022-05-23,238.0
2022-05-20,233.91
2022-05-19,229.0
2022-05-18,231.05
2022-05-17,241.63
2022-05-16,244.04
2022-05-13,245.04
2022-05-12,244.19
2022-05-11,244.43
2022-05-10,245.68
2022-05-09,247.49
2022-05-06,250.78
2022-05-05,248.92
2022-05-04,254.32
2022-05-03,245.87
2022-05-02,246.64
2022-04-29,249.16
2022-04-28,254.19
2022-04-27,247.14
2022-04-26,248.58
2022-04-25,252.88
2022-04-22,250.17
2022-04-21,255.25
2022-04-20,255.85
2022-04-19,255.4
2022-04-18,251.06
2022-04-14,250.51
2022-04-13,251.33
2022-04-12,249.17
2022-04-11,250.45
2022-04-08,251.46
2022-04-07,254.36
2022-04-06,251.46
2022-04-05,248.51
2022-04-04,246.83
2022-04-01,249.25
2022-03-31,247.28
2022-03-30,249.03
2022-03-29,248.17
2022-03-28,242.94
2022-03-25,241.58
2022-03-24,240.26
2022-03-23,236.12
2022-03-22,238.12
2022-03-21,235.32
2022-03-18,238.92
2022-03-17,237.47
2022-03-16,238.14
2022-03-15,232.57
2022-03-14,226.18
2022-03-11,226.87
2022-03-10,222.0
2022-03-09,222.47
2022-03-08,222.79
2022-03-07,224.33
2022-03-04,235.81
2022-03-03,236.65
2022-03-02,240.94
2022-03-01,239.63
2022-02-28,244.77
2022-02-25,249.45
2022-02-24,245.03
2022-02-23,247.79
2022-02-22,252.7
2022-02-18,250.60001
2022-02-17,250.92999
2022-02-16,253.09
2022-02-15,253.81
2022-02-14,253.39
2022-02-11,255.16
2022-02-10,256.87
2022-02-09,259.85999
2022-02-08,260.07999
2022-02-07,259.85001
2022-02-04,260.06
2022-02-03,260.64001
2022-02-02,262.28
2022-02-01,258.98999
2022-01-31,259.45001
2022-01-28,256.09
2022-01-27,248.74001
2022-01-26,249.85001
2022-01-25,250.67999
2022-01-24,253.61
2022-01-21,254.59
2022-01-20,253.13
2022-01-19,255.22
2022-01-18,256.48001
2022-01-14,257.70999
2022-01-13,261.41
2022-01-12,260.92001
2022-01-11,262.12
2022-01-10,264.41
2022-01-07,267.06
2022-01-06,269.69
2022-01-05,267.19
2022-01-04,268.51001
2022-01-03,268.57999
2021-12-31,268.07001
2021-12-30,267.20999
2021-12-29,268.48999
2021-12-28,267.88
2021-12-27,268.23999
2021-12-23,265.95001
2021-12-22,264.94
2021-12-21,264.39001
2021-12-20,261.73001
2021-12-17,261.70001
2021-12-16,265.54999
2021-12-15,264.51999
2021-12-14,262.51999
2021-12-13,263.09
2021-12-10,264.97
2021-12-09,262.34
2021-12-08,259.57999
2021-12-07,259.91
2021-12-06,255.78999
2021-12-03,249.33
2021-12-02,248.8
2021-12-01,244.17999
2021-11-30,244.60001
2021-11-29,250.3
2021-11-26,250.00999
2021-11-24,257.10999
2021-11-23,255.64999
2021-11-22,253.48
2021-11-19,251.95
2021-11-18,253.48
2021-11-17,252.69
2021-11-16,252.46001
2021-11-15,252.94
2021-11-12,250.67
2021-11-11,250.16
2021-11-10,253.13
2021-11-09,252.64999
2021-11-08,253.10001
2021-11-05,254.71001
2021-11-04,253.46001
2021-11-03,250.39999
2021-11-02,249.24001
2021-11-01,250.58
2021-10-29,245.55
2021-10-28,245.5
2021-10-27,242.73
2021-10-26,236.42
2021-10-25,237.34
2021-10-22,238.44
2021-10-21,241.39999
2021-10-20,239.72
2021-10-19,242.77
2021-10-18,242.25999
2021-10-15,242.25
2021-10-14,244.55
2021-10-13,242.64999
2021-10-12,244.52
2021-10-11,246.58
2021-10-08,247.7
2021-10-07,248.32001
2021-10-06,247.10001
2021-10-05,245.22
2021-10-04,243.08
2021-10-01,242.92999
2021-09-30,241.11
2021-09-29,244.28
2021-09-28,243.77
2021-09-27,248.11
2021-09-24,246.42
2021-09-23,244.78
2021-09-22,243.13
2021-09-21,240.5
2021-09-20,239.09
2021-09-17,242.49001
2021-09-16,243.21001
2021-09-15,240.98
2021-09-14,241.13
2021-09-13,241.21001
2021-09-10,239.17999
2021-09-09,238.61
2021-09-08,238.62
2021-09-07,236.19
2021-09-03,238.82001
2021-09-02,239.87
2021-09-01,238.14999
2021-08-31,237.46001
2021-08-30,236.59
2021-08-27,237.48
2021-08-26,236.95
2021-08-25,238.83
2021-08-24,238.42999
2021-08-23,239.66
2021-08-20,238.49001
2021-08-19,237.23
2021-08-18,238.08
2021-08-17,240.28
2021-08-16,240.97
2021-08-13,238.82001
2021-08-12,236.67
2021-08-11,235.55
2021-08-10,233.45
2021-08-09,234.67999
2021-08-06,236.25999
2021-08-05,236.42
2021-08-04,234.83
2021-08-03,236.95
2021-08-02,240.10001
2021-07-30,242.71001
2021-07-29,244.02
2021-07-28,241.78
2021-07-27,246.35001
2021-07-26,243.98
2021-07-23,242.96001
2021-07-22,238.67
2021-07-21,235.92999
2021-07-20,234.27
2021-07-19,229.25999
2021-07-16,234.75
2021-07-15,236.88
2021-07-14,237.13
2021-07-13,236.17
2021-07-12,235.61
2021-07-09,235.67999
2021-07-08,232.84
2021-07-07,234.63
2021-07-06,232.75
2021-07-02,233.63
2021-07-01,232.27
2021-06-30,230.99001
2021-06-29,230.37
2021-06-28,231.09
2021-06-25,232.42
2021-06-24,233.33
2021-06-23,233.24001
2021-06-22,233.88
2021-06-21,232.89999
2021-06-18,229.62
2021-06-17,233.88
2021-06-16,235.58
2021-06-15,236.35001
2021-06-14,236.98
2021-06-11,236.92999
2021-06-10,234.59
2021-06-09,231.47
2021-06-08,232.64
2021-06-07,231.69
2021-06-04,233.38
2021-06-03,232.45
2021-06-02,233.78
2021-06-01,233.24001
2021-05-28,233.89
2021-05-27,234.86
2021-05-26,232.35001
2021-05-25,232.14
2021-05-24,231.91
2021-05-21,231.24001
2021-05-20,232.17999
2021-05-19,230.14999
2021-05-18,231.92999
2021-05-17,231.67999
2021-05-14,231.72
2021-05-13,229.77
2021-05-12,227.94
2021-05-11,233.86
2021-05-10,237.11
2021-05-07,234.84
2021-05-06,234.86
2021-05-05,235.03999
2021-05-04,233.86
2021-05-03,235.56
2021-04-30,236.08
2021-04-29,235.21001
2021-04-28,232.41
2021-04-27,234.98
2021-04-26,232.31
2021-04-23,234.58
2021-04-22,232.96001
2021-04-21,232.25999
2021-04-20,233.00999
2021-04-19,231.81
2021-04-16,233.08
2021-04-15,231.28
2021-04-14,230.31
2021-04-13,231.32001
2021-04-12,230.96001
2021-04-09,231.48
2021-04-08,230.25
2021-04-07,232.61
2021-04-06,231.91
2021-04-05,228.85001
2021-04-01,225.21001
2021-03-31,224.14
2021-03-30,224.98
2021-03-29,227.35001
2021-03-26,225.21001
2021-03-25,224.2
2021-03-24,224.05
2021-03-23,224.37
2021-03-22,225.07001
2021-03-19,222.44
2021-03-18,222.89999
2021-03-17,224.11
2021-03-16,219.86
2021-03-15,220.46001
2021-03-12,212.34
2021-03-11,211.57001
2021-03-10,213.31
2021-03-09,208.55
2021-03-08,209.11
2021-03-05,207.37
2021-03-04,204.84
2021-03-03,205.82001
2021-03-02,208.67
2021-03-01,208.25
2021-02-26,206.14
2021-02-25,210.95
2021-02-24,213.27
2021-02-23,211.32001
2021-02-22,212.06
2021-02-19,212.24001
2021-02-18,215.42999
2021-02-17,213.45
2021-02-16,215.03
2021-02-12,213.89999
2021-02-11,214.27
2021-02-10,214.39999
2021-02-09,215.98
2021-02-08,211.58
2021-02-05,212.58
2021-02-04,211.03
2021-02-03,208.71001
2021-02-02,209.75999
2021-02-01,207.92999
2021-01-29,207.84
2021-01-28,206.82001
2021-01-27,207.0
2021-01-26,215.38
2021-01-25,213.34
2021-01-22,213.38
2021-01-21,213.53
2021-01-20,213.63
2021-01-19,209.09
2021-01-15,209.91
2021-01-14,208.5
2021-01-13,212.09
2021-01-12,211.60001
2021-01-11,214.23
2021-01-08,215.87
2021-01-07,211.98
2021-01-06,211.0
2021-01-05,211.48
2021-01-04,210.22
2020-12-31,214.58
2020-12-30,211.56
2020-12-29,212.71001
2020-12-28,214.02
2020-12-24,211.39
2020-12-23,212.02
2020-12-22,211.92
2020-12-21,211.67
2020-12-18,215.08
2020-12-17,214.25
2020-12-16,213.8
2020-12-15,214.86
2020-12-14,211.92
2020-12-11,207.75999
2020-12-10,208.03999
2020-12-09,208.69
2020-12-08,208.39
2020-12-07,208.89
2020-12-04,210.74001
2020-12-03,211.50999
2020-12-02,210.86
2020-12-01,216.14
2020-11-30,217.44
2020-11-27,218.33
2020-11-25,219.34
2020-11-24,219.71001
2020-11-23,217.0
2020-11-20,214.09
2020-11-19,215.11
2020-11-18,215.52
2020-11-17,216.00999
2020-11-16,216.73
2020-11-13,213.28
2020-11-12,213.07001
2020-11-11,218.02
2020-11-10,213.32001
2020-11-09,213.22
2020-11-06,216.56
2020-11-05,216.31
2020-11-04,214.87
2020-11-03,216.8
2020-11-02,212.31
2020-10-30,213.0
2020-10-29,213.97
2020-10-28,214.69
2020-10-27,222.25
2020-10-26,224.27
2020-10-23,228.7
2020-10-22,229.15
2020-10-21,228.19
2020-10-20,227.45
2020-10-19,226.0
2020-10-16,228.65
2020-10-15,230.46
2020-10-14,227.62
2020-10-13,227.15
2020-10-12,226.14
2020-10-09,224.83
2020-10-08,225.8
2020-10-07,226.48
2020-10-06,224.09
2020-10-05,226.07
2020-10-02,222.67
2020-10-01,219.59
2020-09-30,219.49
2020-09-29,218.68
2020-09-28,220.26
2020-09-25,218.18
2020-09-24,216.12
2020-09-23,214.97
2020-09-22,216.41
2020-09-21,216.41
2020-09-18,220.27
2020-09-17,222.58
2020-09-16,224.81
2020-09-15,222.37
2020-09-14,220.56
2020-09-11,218.0
2020-09-10,217.24
2020-09-09,215.71
2020-09-08,213.58
2020-09-04,211.73
2020-09-03,213.8
2020-09-02,216.25
2020-09-01,212.69
2020-08-31,213.52
2020-08-28,214.91
2020-08-27,212.19
2020-08-26,213.76
2020-08-25,212.65
2020-08-24,212.62
2020-08-21,211.57
2020-08-20,209.88
2020-08-19,209.51
2020-08-18,210.32
2020-08-17,208.67
2020-08-14,207.03
2020-08-13,206.49
2020-08-12,206.02
2020-08-11,205.0
2020-08-10,204.12
2020-08-07,204.6
2020-08-06,203.18
2020-08-05,199.26
2020-08-04,199.36
2020-08-03,194.4
2020-07-31,194.28
2020-07-30,195.41
2020-07-29,196.21
2020-07-28,196.24
2020-07-27,201.25
2020-07-24,198.72
2020-07-23,197.55
2020-07-22,198.62
2020-07-21,192.98
2020-07-20,191.61
2020-07-17,191.48
2020-07-16,190.92
2020-07-15,191.77
2020-07-14,190.72
2020-07-13,184.92
2020-07-10,184.88
2020-07-09,184.33
2020-07-08,185.93
2020-07-07,185.82
2020-07-06,188.5
2020-07-02,183.52
2020-07-01,184.66
2020-06-30,184.47
2020-06-29,182.8
2020-06-26,179.74
2020-06-25,182.76
2020-06-24,184.29
2020-06-23,186.62
2020-06-22,187.46
2020-06-19,186.56
2020-06-18,189.49
2020-06-17,190.79
2020-06-16,190.32
2020-06-15,189.49
2020-06-12,189.17
2020-06-11,187.51
2020-06-10,195.8
2020-06-09,199.52
2020-06-08,202.65
2020-06-05,197.16
2020-06-04,193.24
2020-06-03,193.29
2020-06-02,187.59
2020-06-01,187.41
2020-05-29,186.32
2020-05-28,188.73
2020-05-27,187.72
2020-05-26,184.84
2020-05-22,184.41
2020-05-21,185.08
2020-05-20,184.1
2020-05-19,179.57
2020-05-18,179.83
2020-05-15,173.81
2020-05-14,175.41
2020-05-13,172.82
2020-05-12,176.54
2020-05-11,180.88
2020-05-08,181.23
2020-05-07,181.12
2020-05-06,176.97
2020-05-05,179.24
2020-05-04,181.87
2020-05-01,182.66
2020-04-30,187.56
2020-04-29,187.82
2020-04-28,185.93
2020-04-27,185.89
2020-04-24,184.02
2020-04-23,182.04
2020-04-22,186.48
2020-04-21,177.58
2020-04-20,181.65
2020-04-17,186.1
2020-04-16,179.5
2020-04-15,177.84
2020-04-14,184.0
2020-04-13,180.12
2020-04-09,183.7
2020-04-08,177.49
2020-04-07,175.59
2020-04-06,177.04
2020-04-03,160.33
2020-04-02,161.5
2020-04-01,158.17
2020-03-31,165.35
2020-03-30,168.2
2020-03-27,164.01
2020-03-26,167.35
2020-03-25,162.98
2020-03-24,161.95
2020-03-23,137.1
2020-03-20,148.49
2020-03-19,149.5
2020-03-18,137.3
2020-03-17,147.62
2020-03-16,149.01
2020-03-13,177.13
2020-03-12,170.13
2020-03-11,188.25
2020-03-10,199.86
2020-03-09,186.86
2020-03-06,198.86
2020-03-05,198.32
2020-03-04,207.02
2020-03-03,199.51
2020-03-02,202.55
2020-02-28,194.17
2020-02-27,201.0
2020-02-26,210.1
2020-02-25,212.1
2020-02-24,213.52
2020-02-21,215.87
2020-02-20,215.08
2020-02-19,215.63
2020-02-18,216.15
2020-02-14,217.09
2020-02-13,217.42
2020-02-12,217.46
2020-02-11,215.73
2020-02-10,213.21
2020-02-07,211.61
2020-02-06,212.87
2020-02-05,214.37
2020-02-04,214.62
2020-02-03,215.18
2020-01-31,213.97
2020-01-30,216.18
2020-01-29,214.44
2020-01-28,210.39
2020-01-27,209.34
2020-01-24,211.24
2020-01-23,213.42
2020-01-22,211.44
2020-01-21,211.16
2020-01-17,211.91
2020-01-16,210.85
2020-01-15,209.77
2020-01-14,207.32
2020-01-13,206.51
2020-01-10,207.27
2020-01-09,208.35
2020-01-08,205.91
2020-01-07,202.63
2020-01-06,202.33
2020-01-03,200.08
2020-01-02,200.79
2019-12-30,196.91
2019-12-27,198.17
2019-12-26,197.06
2019-12-24,196.67
2019-12-23,196.2
2019-12-20,197.14
2019-12-19,197.06
2019-12-18,195.63
2019-12-17,196.52
2019-12-16,197.88
2019-12-13,197.12
2019-12-12,196.31
2019-12-11,194.72
2019-12-10,194.95
2019-12-09,194.68
2019-12-06,195.35
2019-12-05,194.21
2019-12-04,194.31
2019-12-03,193.12
2019-12-02,195.18
2019-11-29,194.48
2019-11-27,196.3
2019-11-26,194.01
2019-11-25,191.89
2019-11-22,193.14
2019-11-21,192.35
2019-11-20,194.13
2019-11-19,193.44
2019-11-18,194.28
2019-11-15,193.97
2019-11-14,194.0
2019-11-13,195.0
2019-11-12,193.28
2019-11-11,192.64
2019-11-08,193.61
2019-11-07,193.08
2019-11-06,194.18
2019-11-05,192.18
2019-11-04,188.66
2019-11-01,193.94
2019-10-31,196.7
2019-10-30,196.89
2019-10-29,192.62
2019-10-28,191.78
2019-10-25,194.61
2019-10-24,196.02
2019-10-23,199.21
2019-10-22,199.27
2019-10-21,209.85
2019-10-18,208.5
2019-10-17,206.85
2019-10-16,208.3
2019-10-15,207.22
2019-10-14,208.38
2019-10-11,209.02
2019-10-10,211.76
2019-10-09,212.83
2019-10-08,211.11
2019-10-07,211.92
2019-10-04,211.69
2019-10-03,210.03
2019-10-02,206.27
2019-10-01,209.02
2019-09-30,214.71
2019-09-27,213.16
2019-09-26,212.6
2019-09-25,212.63
2019-09-24,212.02
2019-09-23,211.54
2019-09-20,209.39
2019-09-19,210.52
2019-09-18,210.43
2019-09-17,209.85
2019-09-16,207.4
2019-09-13,209.81
2019-09-12,212.15
2019-09-11,210.2
2019-09-10,209.68
2019-09-09,217.26
2019-09-06,220.03
2019-09-05,219.49
2019-09-04,218.5
2019-09-03,217.13
2019-08-30,217.97
2019-08-29,220.54
2019-08-28,218.07
2019-08-27,216.05
2019-08-26,216.91
2019-08-23,214.66
2019-08-22,219.49
2019-08-21,220.71
2019-08-20,218.47
2019-08-19,218.78
2019-08-16,218.47
2019-08-15,218.27
2019-08-14,216.48
2019-08-13,219.73
2019-08-12,217.16
2019-08-09,221.15
2019-08-08,218.01
2019-08-07,216.83
2019-08-06,214.08
2019-08-05,210.45
2019-08-02,214.48
2019-08-01,211.25
2019-07-31,210.72
2019-07-30,212.34
2019-07-29,214.98
2019-07-26,215.58
2019-07-25,214.44
2019-07-24,212.78
2019-07-23,214.31
2019-07-22,215.0
2019-07-19,213.87
2019-07-18,215.91
2019-07-17,213.71
2019-07-16,213.72
2019-07-15,214.21
2019-07-12,212.99
2019-07-11,212.69
2019-07-10,213.0
2019-07-09,212.09
2019-07-08,212.16
2019-07-05,211.24
2019-07-03,212.81
2019-07-02,209.58
2019-07-01,206.3
2019-06-28,207.66
2019-06-27,206.27
2019-06-26,204.55
2019-06-25,205.71
2019-06-24,203.92
2019-06-21,204.26
2019-06-20,205.12
2019-06-19,204.55
2019-06-18,204.51
2019-06-17,203.81
2019-06-14,205.29
2019-06-13,204.49
2019-06-12,204.93
2019-06-11,203.26
2019-06-10,201.3
2019-06-07,205.48
2019-06-06,203.05
2019-06-05,200.13
2019-06-04,199.63
2019-06-03,198.78
2019-05-31,198.27
2019-05-30,199.24
2019-05-29,196.02
2019-05-28,196.67
2019-05-24,197.77
2019-05-23,198.97
2019-05-22,199.96
2019-05-21,199.84
2019-05-20,198.99
2019-05-17,199.22
2019-05-16,199.99
2019-05-15,199.07
2019-05-14,198.01
2019-05-13,199.03
2019-05-10,199.99
2019-05-09,197.73
2019-05-08,198.03
2019-05-07,198.04
2019-05-06,198.9
2019-05-03,197.52
2019-05-02,194.61
2019-05-01,194.17
2019-04-30,197.57
2019-04-29,197.12
2019-04-26,197.42
2019-04-25,197.93
2019-04-24,197.63
2019-04-23,195.26
2019-04-22,193.92
2019-04-18,194.91
2019-04-17,191.61
2019-04-16,191.7
2019-04-15,191.85
2019-04-12,191.6
2019-04-11,188.88
2019-04-10,189.22
2019-04-09,190.08
2019-04-08,189.85
2019-04-05,190.71
2019-04-04,189.87
2019-04-03,188.35
2019-04-02,188.35
2019-04-01,188.39
2019-03-29,189.9
2019-03-28,189.39
2019-03-27,187.51
2019-03-26,187.48
2019-03-25,185.72
2019-03-22,186.81
2019-03-21,186.37
2019-03-20,184.97
2019-03-19,183.11
2019-03-18,183.95
2019-03-15,185.33
2019-03-14,182.74
2019-03-13,182.06
2019-03-12,181.83
2019-03-11,181.08
2019-03-08,179.5
2019-03-07,180.52
2019-03-06,182.03
2019-03-05,181.35
2019-03-04,180.59
2019-03-01,185.05
2019-02-28,183.84
2019-02-27,183.36
2019-02-26,183.21
2019-02-25,182.61
2019-02-22,183.17
2019-02-21,182.81
2019-02-20,180.49
2019-02-19,179.25
2019-02-15,179.97
2019-02-14,175.87
2019-02-13,174.15
2019-02-12,173.97
2019-02-11,174.26
2019-02-08,174.75
2019-02-07,175.28
2019-02-06,176.18
2019-02-05,177.57
2019-02-04,177.55
2019-02-01,176.72
2019-01-31,178.78
2019-01-30,181.77
2019-01-29,182.17
2019-01-28,183.6
2019-01-25,184.0
2019-01-24,187.37
2019-01-23,186.09
2019-01-22,184.57
2019-01-18,182.57
2019-01-17,181.11
2019-01-16,179.35
2019-01-15,181.02
2019-01-14,181.22
2019-01-11,182.37
2019-01-10,181.55
2019-01-09,180.29
2019-01-08,180.6
2019-01-07,180.22
2019-01-04,178.28
2019-01-03,174.9
2019-01-02,176.06
2018-12-31,177.57
2018-12-28,175.56
2018-12-27,175.71
2018-12-26,174.03
2018-12-24,170.28
2018-12-21,174.15
2018-12-20,173.68
2018-12-19,179.16
2018-12-18,179.71
2018-12-17,180.79
2018-12-14,183.29
2018-12-13,186.43
2018-12-12,183.48
2018-12-11,183.59
2018-12-10,184.65
2018-12-07,182.96
2018-12-06,185.45
2018-12-04,185.04
2018-12-03,185.37
2018-11-30,188.51
2018-11-29,189.26
2018-11-28,187.85
2018-11-27,184.63
2018-11-26,183.89
2018-11-23,181.93
2018-11-21,182.72
2018-11-20,183.71
2018-11-19,186.72
2018-11-16,187.59
2018-11-15,183.56
2018-11-14,183.85
2018-11-13,184.01
2018-11-12,184.37
2018-11-09,185.94
2018-11-08,185.48
2018-11-07,184.25
2018-11-06,182.71
2018-11-05,180.39
2018-11-02,176.75
2018-11-01,174.88
2018-10-31,176.9
2018-10-30,178.49
2018-10-29,173.23
2018-10-26,173.34
2018-10-25,175.31
2018-10-24,177.35
2018-10-23,177.15
2018-10-22,166.63
2018-10-19,167.49
2018-10-18,166.81
2018-10-17,166.77
2018-10-16,164.07
2018-10-15,163.67
2018-10-12,163.82
2018-10-11,162.97
2018-10-10,168.37
2018-10-09,169.83
2018-10-08,167.77
2018-10-05,166.57
2018-10-04,165.8
2018-10-03,164.66
2018-10-02,165.18
2018-10-01,166.67
2018-09-28,167.29
2018-09-27,166.53
2018-09-26,165.76
2018-09-25,166.41
2018-09-24,163.31
2018-09-21,165.3
2018-09-20,160.79
2018-09-19,159.18
2018-09-18,157.77
2018-09-17,158.14
2018-09-14,160.84
2018-09-13,162.4
2018-09-12,164.74
2018-09-11,164.62
2018-09-10,165.07
2018-09-07,163.9
2018-09-06,163.74
2018-09-05,163.24
2018-09-04,161.72
2018-08-31,162.23
2018-08-30,162.8
2018-08-29,163.11
2018-08-28,161.64
2018-08-27,160.48
2018-08-24,159.38
2018-08-23,159.05
2018-08-22,160.55
2018-08-21,161.04
2018-08-20,161.68
2018-08-17,161.15
2018-08-16,161.73
2018-08-15,159.88
2018-08-14,160.6
2018-08-13,158.14
2018-08-10,158.68
2018-08-09,159.3
2018-08-08,158.92
2018-08-07,156.04
2018-08-06,156.72
2018-08-03,156.21
2018-08-02,155.41
2018-08-01,156.92
2018-07-31,157.54
2018-07-30,158.64
2018-07-27,157.48
2018-07-26,156.14
2018-07-25,158.89
2018-07-24,157.94
2018-07-23,158.75
2018-07-20,157.97
2018-07-19,157.41
2018-07-18,157.93
2018-07-17,159.75
2018-07-16,158.78
2018-07-13,158.51
2018-07-12,159.12
2018-07-11,158.62
2018-07-10,160.62
2018-07-09,159.94
2018-07-06,159.42
2018-07-05,157.32
2018-07-03,156.48
2018-07-02,156.87
2018-06-29,156.69
2018-06-28,156.32
2018-06-27,157.42
2018-06-26,160.91
2018-06-25,159.81
2018-06-22,164.55
2018-06-21,160.53
2018-06-20,162.56
2018-06-19,164.97
2018-06-18,166.28
2018-06-15,166.46
2018-06-14,167.05
2018-06-13,166.58
2018-06-12,166.73
2018-06-11,166.49
2018-06-08,168.91
2018-06-07,169.48
2018-06-06,162.38
2018-06-05,159.48
2018-06-04,160.22
2018-06-01,159.16
2018-05-31,160.01
2018-05-30,161.82
2018-05-29,160.62
2018-05-25,163.21
2018-05-24,162.39
2018-05-23,161.62
2018-05-22,159.45
2018-05-21,161.48
2018-05-18,160.98
2018-05-17,161.31
2018-05-16,162.87
2018-05-15,163.06
2018-05-14,164.72
2018-05-11,165.39
2018-05-10,165.07
2018-05-09,164.24
2018-05-08,164.77
2018-05-07,165.0
2018-05-04,165.03
2018-05-03,160.08
2018-05-02,160.68
2018-05-01,163.44
2018-04-30,167.44
2018-04-27,158.3
2018-04-26,158.9
2018-04-25,155.94
2018-04-24,157.32
2018-04-23,158.99
2018-04-20,158.77
2018-04-19,159.53
2018-04-18,161.81
2018-04-17,162.55
2018-04-16,161.63
2018-04-13,161.73
2018-04-12,161.62
2018-04-11,163.34
2018-04-10,162.77
2018-04-09,161.23
2018-04-06,161.25
2018-04-05,163.95
2018-04-04,161.73
2018-04-03,160.4
2018-04-02,157.72
2018-03-29,156.38
2018-03-28,158.41
2018-03-27,157.48
2018-03-26,158.01
2018-03-23,154.98
2018-03-22,157.04
2018-03-21,158.66
2018-03-20,159.38
2018-03-19,159.01
2018-03-16,162.36
2018-03-15,161.61
2018-03-14,158.24
2018-03-13,158.22
2018-03-12,157.74
2018-03-09,157.24
2018-03-08,154.44
2018-03-07,152.38
2018-03-06,151.2
2018-03-05,151.03
2018-03-02,148.27
2018-03-01,155.7
2018-02-28,157.74
2018-02-27,160.66
2018-02-26,163.58
2018-02-23,163.06
2018-02-22,160.66
2018-02-21,158.64
2018-02-20,157.16
2018-02-16,157.79
2018-02-15,160.78
2018-02-14,159.99
2018-02-13,162.4
2018-02-12,163.9
2018-02-09,160.8
2018-02-08,158.97
2018-02-07,165.71
2018-02-06,165.18
2018-02-05,163.85
2018-02-02,169.38
2018-02-01,171.9
2018-01-31,171.14
2018-01-30,172.48
2018-01-29,177.77
2018-01-26,178.36
2018-01-25,175.66
2018-01-24,176.12
2018-01-23,176.81
2018-01-22,176.21
2018-01-19,176.12
2018-01-18,174.57
2018-01-17,174.98
2018-01-16,173.68
2018-01-12,173.57
2018-01-11,173.39
2018-01-10,173.51
2018-01-09,173.54
2018-01-08,173.93
2018-01-05,174.05
2018-01-04,173.7
2018-01-03,172.49
2018-01-02,173.22
2017-12-29,172.12
2017-12-28,173.1
2017-12-27,172.67
2017-12-26,171.29
2017-12-22,171.42
2017-12-21,171.85
2017-12-20,172.17
2017-12-19,173.39
2017-12-18,174.2
2017-12-15,174.06
2017-12-14,173.14
2017-12-13,173.55
2017-12-12,172.23
2017-12-11,173.25
2017-12-08,173.15
2017-12-07,172.91
2017-12-06,173.48
2017-12-05,172.99
2017-12-04,170.65
2017-12-01,172.87
2017-11-30,171.97
2017-11-29,170.43
2017-11-28,171.34
2017-11-27,168.96
2017-11-24,169.11
2017-11-22,169.05
2017-11-21,168.3
2017-11-20,166.93
2017-11-17,166.72
2017-11-16,168.09
2017-11-15,167.32
2017-11-14,168.11
2017-11-13,167.37
2017-11-10,165.59
2017-11-09,167.0
2017-11-08,170.1
2017-11-07,170.77
2017-11-06,170.07
2017-11-03,168.65
2017-11-02,168.1
2017-11-01,166.37
2017-10-31,166.91
2017-10-30,166.23
2017-10-27,165.39
2017-10-26,164.01
2017-10-25,163.58
2017-10-24,163.88
2017-10-23,163.34
2017-10-20,166.3
2017-10-19,166.5
2017-10-18,165.77
2017-10-17,165.4
2017-10-16,165.01
2017-10-13,165.37
2017-10-12,163.91
2017-10-11,163.15
2017-10-10,160.58
2017-10-09,160.12
2017-10-06,159.45
2017-10-05,158.79
2017-10-04,157.22
2017-10-03,156.86
2017-10-02,156.97
2017-09-29,156.45
2017-09-28,157.49
2017-09-27,154.07
2017-09-26,153.36
2017-09-25,156.26
2017-09-22,158.85
2017-09-21,159.05
2017-09-20,159.89
2017-09-19,157.45
2017-09-18,156.68
2017-09-15,156.95
2017-09-14,157.07
2017-09-13,157.01
2017-09-12,156.35
2017-09-11,161.5
2017-09-08,159.72
2017-09-07,159.98
2017-09-06,158.38
2017-09-05,159.12
2017-09-01,159.79
2017-08-31,159.92
2017-08-30,159.48
2017-08-29,159.38
2017-08-28,159.65
2017-08-25,158.88
2017-08-24,158.39
2017-08-23,158.78
2017-08-22,159.64
2017-08-21,158.37
2017-08-18,157.8
2017-08-17,157.89
2017-08-16,158.94
2017-08-15,157.62
2017-08-14,157.21
2017-08-11,157.34
2017-08-10,156.66
2017-08-09,154.84
2017-08-08,154.85
2017-08-07,154.94
2017-08-04,153.82
2017-08-03,154.69
2017-08-02,156.59
2017-08-01,154.04
2017-07-31,155.15
2017-07-28,156.09
2017-07-27,156.97
2017-07-26,156.45
2017-07-25,159.1
2017-07-24,152.02
2017-07-21,153.92
2017-07-20,154.21
2017-07-19,153.81
2017-07-18,153.94
2017-07-17,155.23
2017-07-14,155.28
2017-07-13,155.09
2017-07-12,156.66
2017-07-11,154.97
2017-07-10,155.64
2017-07-07,156.27
2017-07-06,153.09
2017-07-05,153.07
2017-07-03,152.5
2017-06-30,153.16
2017-06-29,153.13
2017-06-28,154.3
2017-06-27,153.72
2017-06-26,153.96
2017-06-23,154.65
2017-06-22,154.79
2017-06-21,153.82
2017-06-20,154.04
2017-06-19,153.09
2017-06-16,151.99
2017-06-15,151.19
2017-06-14,150.67
2017-06-13,149.82
2017-06-12,148.48
2017-06-09,151.42
2017-06-08,151.49
2017-06-07,151.99
2017-06-06,151.24
2017-06-05,152.8399
2017-06-02,153.59
2017-06-01,152.33
2017-05-31,151.01
2017-05-30,149.94
2017-05-26,149.87
2017-05-25,149.74
2017-05-24,149.51
2017-05-23,147.83
2017-05-22,148.2
2017-05-19,148.16
2017-05-18,147.03
2017-05-17,146.42
2017-05-16,147.26
2017-05-15,146.25
2017-05-12,145.33
2017-05-11,144.24
2017-05-10,144.51
2017-05-09,144.37
2017-05-08,144.25
2017-05-05,143.95
2017-05-04,143.43
2017-05-03,142.62
2017-05-02,141.23
2017-05-01,141.19
2017-04-28,139.89
2017-04-27,140.89
2017-04-26,140.87
2017-04-25,141.68
2017-04-24,134.24
2017-04-21,133.42
2017-04-20,133.28
2017-04-19,132.64
2017-04-18,132.32
2017-04-17,131.36
2017-04-13,130.76
2017-04-12,131.25
2017-04-11,131.215
2017-04-10,129.98
2017-04-07,129.98
2017-04-06,130.17
2017-04-05,130.46
2017-04-04,129.29
2017-04-03,129.6
2017-03-31,129.61
2017-03-30,129.33
2017-03-29,128.86
2017-03-28,129.45
2017-03-27,129.47
2017-03-24,129.41
2017-03-23,128.99
2017-03-22,129.1
2017-03-21,128.5099
2017-03-20,128.78
2017-03-17,128.68
2017-03-16,127.971
2017-03-15,127.9
2017-03-14,127.77
2017-03-13,127.63
2017-03-10,128.0
2017-03-09,128.1
2017-03-08,128.13
2017-03-07,128.03
2017-03-06,128.04
2017-03-03,127.84
2017-03-02,128.24
2017-03-01,128.99
2017-02-28,127.64
2017-02-27,126.99
2017-02-24,128.64
2017-02-23,128.27
2017-02-22,127.84
2017-02-21,128.01
2017-02-17,127.77
2017-02-16,126.701
2017-02-15,126.48
2017-02-14,125.785
2017-02-13,125.56
2017-02-10,125.84
2017-02-09,124.49
2017-02-08,124.64
2017-02-07,124.59
2017-02-06,124.44
2017-02-03,124.23
2017-02-02,123.21
2017-02-01,122.44
2017-01-31,122.57
2017-01-30,123.02
2017-01-27,122.86
2017-01-26,121.87
2017-01-25,121.79
2017-01-24,121.03
2017-01-23,121.365
2017-01-20,122.21
2017-01-19,122.2
2017-01-18,122.7
2017-01-17,122.765
2017-01-13,121.5
2017-01-12,122.09
2017-01-11,120.88
2017-01-10,120.25
2017-01-09,120.4497
2017-01-06,120.78
2017-01-05,119.68
2017-01-04,119.48
2017-01-03,119.61
2016-12-30,121.76
2016-12-29,122.8
2016-12-28,122.7
2016-12-27,123.06
2016-12-23,123.09
2016-12-22,123.73
2016-12-21,123.19
2016-12-20,123.31
2016-12-19,122.98
2016-12-16,123.34
2016-12-15,122.37
2016-12-14,122.84
2016-12-13,122.66
2016-12-12,121.76
2016-12-09,121.26
2016-12-08,120.45
2016-12-07,119.92
2016-12-06,119.25
2016-12-05,119.29
2016-12-02,118.24
2016-12-01,118.47
2016-11-30,119.27
2016-11-29,120.68
2016-11-28,121.82
2016-11-25,120.66
2016-11-23,120.14
2016-11-22,119.69
2016-11-21,119.5
2016-11-18,120.0
2016-11-17,119.45
2016-11-16,119.21
2016-11-15,118.32
2016-11-14,117.86
2016-11-11,114.22
2016-11-10,114.51
2016-11-09,114.98
2016-11-08,114.11
2016-11-07,112.82
2016-11-04,111.04
2016-11-03,111.72
2016-11-02,112.39
2016-11-01,112.25
2016-10-31,112.57
2016-10-28,112.1
2016-10-27,112.08
2016-10-26,112.11
2016-10-25,112.72
2016-10-24,113.57
2016-10-21,113.93
2016-10-20,110.57
2016-10-19,111.26
2016-10-18,111.25
2016-10-17,112.41
2016-10-14,114.09
2016-10-13,115.41
2016-10-12,114.71
2016-10-11,113.68
2016-10-10,114.71
2016-10-07,113.45
2016-10-06,113.92
2016-10-05,113.41
2016-10-04,113.5
2016-10-03,114.64
2016-09-30,115.36
2016-09-29,114.79
2016-09-28,115.18
2016-09-27,116.88
2016-09-26,116.53
2016-09-23,117.17
2016-09-22,117.36
2016-09-21,116.93
2016-09-20,116.45
2016-09-19,115.21
2016-09-16,115.28
2016-09-15,116.14
2016-09-14,115.18
2016-09-13,114.73
2016-09-12,115.95
2016-09-09,114.58
2016-09-08,116.17
2016-09-07,116.92
2016-09-06,117.25
2016-09-02,115.83
2016-09-01,115.4
2016-08-31,115.66
2016-08-30,115.36
2016-08-29,115.41
2016-08-26,114.44
2016-08-25,115.43
2016-08-24,114.87
2016-08-23,115.19
2016-08-22,115.42
2016-08-19,115.01
2016-08-18,117.13
2016-08-17,117.1
2016-08-16,117.94
2016-08-15,118.52
2016-08-12,119.52
2016-08-11,119.38
2016-08-10,118.8
2016-08-09,118.31
2016-08-08,118.29
2016-08-05,119.21
2016-08-04,118.3
2016-08-03,117.52
2016-08-02,117.7
2016-08-01,118.01
2016-07-29,117.65
2016-07-28,119.42
2016-07-27,119.48
2016-07-26,121.71
2016-07-25,127.4
2016-07-22,128.26
2016-07-21,127.18
2016-07-20,126.06
2016-07-19,126.5
2016-07-18,123.8
2016-07-15,123.61
2016-07-14,123.93
2016-07-13,122.82
2016-07-12,122.25
2016-07-11,122.0
2016-07-08,121.31
2016-07-07,120.92
2016-07-06,120.63
2016-07-05,120.76
2016-07-01,120.4
2016-06-30,120.34
2016-06-29,119.49
2016-06-28,118.5
2016-06-27,116.3
2016-06-24,119.44
2016-06-23,121.21
2016-06-22,120.62
2016-06-21,122.63
2016-06-20,123.42
2016-06-17,122.27
2016-06-16,122.47
2016-06-15,122.25
2016-06-14,122.51
2016-06-13,122.99
2016-06-10,122.36
2016-06-09,122.79
2016-06-08,122.11
2016-06-07,121.9
2016-06-06,122.0
2016-06-03,121.35
2016-06-02,121.17
2016-06-01,121.97
2016-05-31,122.06
2016-05-27,123.25
2016-05-26,123.79
2016-05-25,123.26
2016-05-24,123.95
2016-05-23,122.81
2016-05-20,122.56
2016-05-19,125.29
2016-05-18,126.21
2016-05-17,127.69
2016-05-16,129.64
2016-05-13,128.83
2016-05-12,130.12
2016-05-11,129.14
2016-05-10,131.6
2016-05-09,130.83
2016-05-06,130.58
2016-05-05,129.28
2016-05-04,129.33
2016-05-03,128.4
2016-05-02,128.2
2016-04-29,126.49
2016-04-28,127.92
2016-04-27,128.3
2016-04-26,127.71
2016-04-25,127.46
2016-04-22,125.5
2016-04-21,125.79
2016-04-20,128.55
2016-04-19,128.86
2016-04-18,128.85
2016-04-15,127.78
2016-04-14,127.51
2016-04-13,126.89
2016-04-12,127.61
2016-04-11,127.56
2016-04-08,127.96
2016-04-07,128.14
2016-04-06,127.52
2016-04-05,127.38
2016-04-04,127.57
2016-04-01,127.02
2016-03-31,125.68
2016-03-30,125.83
2016-03-29,123.97
2016-03-28,123.17
2016-03-24,123.29
2016-03-23,124.19
2016-03-22,123.82
2016-03-21,123.81
2016-03-18,124.08
2016-03-17,123.16
2016-03-16,123.52
2016-03-15,123.43
2016-03-14,122.9
2016-03-11,121.55
2016-03-10,119.98
2016-03-09,119.64
2016-03-08,118.42
2016-03-07,117.15
2016-03-04,117.18
2016-03-03,116.69
2016-03-02,118.48
2016-03-01,118.85
2016-02-29,117.19
2016-02-26,117.06
2016-02-25,118.37
2016-02-24,117.06
2016-02-23,116.9
2016-02-22,117.67
2016-02-19,116.53
2016-02-18,117.17
2016-02-17,118.64
2016-02-16,119.18
2016-02-12,117.93
2016-02-11,116.73
2016-02-10,117.54
2016-02-09,117.01
2016-02-08,116.05
2016-02-05,115.4
2016-02-04,120.66
2016-02-03,121.47
2016-02-02,123.95
2016-02-01,124.61
2016-01-29,123.78
2016-01-28,122.38
2016-01-27,120.87
2016-01-26,120.43
2016-01-25,119.2
2016-01-22,118.4
2016-01-21,117.84
2016-01-20,115.78
2016-01-19,117.5
2016-01-15,115.18
2016-01-14,116.62
2016-01-13,115.12
2016-01-12,117.44
2016-01-11,116.69
2016-01-08,115.48
2016-01-07,115.66
2016-01-06,118.4
2016-01-05,119.2
2016-01-04,117.58
2015-12-31,118.14
2015-12-30,119.43
2015-12-29,120.07
2015-12-28,118.75
2015-12-24,118.57
2015-12-23,118.8
2015-12-22,117.72
2015-12-21,117.69
2015-12-18,116.66
2015-12-17,117.5
2015-12-16,117.84
2015-12-15,116.93
2015-12-14,116.26
2015-12-11,116.08
2015-12-10,117.2
2015-12-09,116.58
2015-12-08,116.53
2015-12-07,116.42
2015-12-04,116.2
2015-12-03,113.39
2015-12-02,113.72
2015-12-01,114.45
2015-11-30,114.16
2015-11-27,114.23
2015-11-25,114.4
2015-11-24,114.28
2015-11-23,114.47
2015-11-20,113.91
2015-11-19,113.3
2015-11-18,112.53
2015-11-17,110.94
2015-11-16,111.06
2015-11-13,109.97
2015-11-12,112.11
2015-11-11,113.85
2015-11-10,113.22
2015-11-09,112.93
2015-11-06,113.31
2015-11-05,112.85
2015-11-04,112.4
2015-11-03,112.08
2015-11-02,112.11
2015-10-30,112.25
2015-10-29,112.62
2015-10-28,112.94
2015-10-27,111.64
2015-10-26,112.18
2015-10-23,112.59
2015-10-22,110.87
2015-10-21,102.54
2015-10-20,103.84
2015-10-19,104.49
2015-10-16,104.82
2015-10-15,103.66
2015-10-14,102.82
2015-10-13,103.38
2015-10-12,103.24
2015-10-09,102.76
2015-10-08,102.95
2015-10-07,101.77
2015-10-06,101.9
2015-10-05,101.17
2015-10-02,99.79
2015-10-01,98.78
2015-09-30,98.53
2015-09-29,97.48
2015-09-28,95.96
2015-09-25,97.59
2015-09-24,97.29
2015-09-23,97.38
2015-09-22,97.2
2015-09-21,97.9
2015-09-18,97.05
2015-09-17,97.84
2015-09-16,98.69
2015-09-15,98.19
2015-09-14,96.97
2015-09-11,97.41
2015-09-10,95.25
2015-09-09,95.43
2015-09-08,96.78
2015-09-04,94.85
2015-09-03,96.01
2015-09-02,96.04
2015-09-01,93.47
2015-08-31,95.02
2015-08-28,96.25
2015-08-27,97.33
2015-08-26,95.15
2015-08-25,91.21
2015-08-24,92.87
2015-08-21,97.13
2015-08-20,99.76
2015-08-19,101.1
2015-08-18,100.76
2015-08-17,100.66
2015-08-14,99.27
2015-08-13,99.37
2015-08-12,98.28
2015-08-11,98.81
2015-08-10,99.39
2015-08-07,98.92
2015-08-06,99.35
2015-08-05,99.8
2015-08-04,99.14
2015-08-03,99.42
2015-07-31,99.86
2015-07-30,99.17
2015-07-29,98.21
2015-07-28,97.33
2015-07-27,96.04
2015-07-24,96.1
2015-07-23,97.09
2015-07-22,97.58
2015-07-21,97.32
2015-07-20,97.49
2015-07-17,97.5
2015-07-16,97.86
2015-07-15,99.07
2015-07-14,98.78
2015-07-13,98.43
2015-07-10,97.65
2015-07-09,96.49
2015-07-08,95.84
2015-07-07,96.68
2015-07-06,95.65
2015-07-02,96.17
2015-07-01,95.76
2015-06-30,95.07
2015-06-29,95.44
2015-06-26,97.29
2015-06-25,95.79
2015-06-24,96.64
2015-06-23,97.18
2015-06-22,96.87
2015-06-19,96.08
2015-06-18,96.17
2015-06-17,95.22
2015-06-16,94.63
2015-06-15,94.3
2015-06-12,95.06
2015-06-11,95.59
2015-06-10,95.3
2015-06-09,94.73
2015-06-08,95.32
2015-06-05,95.54
2015-06-04,96.31
2015-06-03,96.52
2015-06-02,96.29
2015-06-01,96.22
2015-05-29,95.93
2015-05-28,96.48
2015-05-27,98.66
2015-05-26,98.46
2015-05-22,98.99
2015-05-21,99.28
2015-05-20,100.11
2015-05-19,100.68
2015-05-18,98.02
2015-05-15,98.04
2015-05-14,97.71
2015-05-13,97.35
2015-05-12,97.95
2015-05-11,97.51
2015-05-08,98.23
2015-05-07,96.78
2015-05-06,96.39
2015-05-05,96.13
2015-05-04,96.13
2015-05-01,97.8
2015-04-30,96.55
2015-04-29,97.02
2015-04-28,96.83
2015-04-27,96.44
2015-04-24,98.74
2015-04-23,97.0
2015-04-22,97.84
2015-04-21,94.87
2015-04-20,96.18
2015-04-17,94.88
2015-04-16,95.63
2015-04-15,96.44
2015-04-14,97.58
2015-04-13,97.44
2015-04-10,97.8
2015-04-09,96.55
2015-04-08,96.85
2015-04-07,96.35
2015-04-06,96.28
2015-04-02,95.83
2015-04-01,96.29
2015-03-31,97.44
2015-03-30,97.88
2015-03-27,96.96
2015-03-26,97.64
2015-03-25,98.14
2015-03-24,99.36
2015-03-23,98.62
2015-03-20,97.05
2015-03-19,95.98
2015-03-18,97.0
2015-03-17,96.17
2015-03-16,97.15
2015-03-13,96.35
2015-03-12,96.25
2015-03-11,94.96
2015-03-10,96.29
2015-03-09,97.71
2015-03-06,97.13
2015-03-05,99.11
2015-03-04,100.25
2015-03-03,99.74
2015-03-02,100.0
2015-02-27,98.9
2015-02-26,99.51
2015-02-25,98.66
2015-02-24,94.98
2015-02-23,94.31
2015-02-20,94.19
2015-02-19,94.19
2015-02-18,94.58
2015-02-17,94.35
2015-02-13,95.65
2015-02-12,95.09
2015-02-11,94.21
2015-02-10,94.02
2015-02-09,92.72
2015-02-06,93.99
2015-02-05,94.34
2015-02-04,94.05
2015-02-03,93.92
2015-02-02,92.51
2015-01-30,92.44
2015-01-29,93.27
2015-01-28,88.78
2015-01-27,89.57
2015-01-26,90.67
2015-01-23,89.56
2015-01-22,90.89
2015-01-21,90.34
2015-01-20,90.8
2015-01-16,91.49
2015-01-15,91.38
2015-01-14,91.54
2015-01-13,92.83
2015-01-12,93.01
2015-01-09,93.21
2015-01-08,94.36
2015-01-07,94.01
2015-01-06,92.4
2015-01-05,92.23
2015-01-02,93.26
2014-12-31,93.7
2014-12-30,94.25
2014-12-29,95.04
2014-12-26,94.78
2014-12-24,93.83
2014-12-23,94.22
2014-12-22,93.89
2014-12-19,93.22
2014-12-18,93.67
2014-12-17,91.65
2014-12-16,88.72
2014-12-15,88.46
2014-12-12,90.62
2014-12-11,90.97
2014-12-10,90.0
2014-12-09,91.36
2014-12-08,92.61
2014-12-05,96.31
2014-12-04,95.66
2014-12-03,95.5
2014-12-02,95.11
2014-12-01,95.78
2014-11-28,96.81
2014-11-26,96.22
2014-11-25,97.0
2014-11-24,97.17
2014-11-21,96.68
2014-11-20,96.64
2014-11-19,96.56
2014-11-18,96.41
2014-11-17,95.97
2014-11-14,96.21
2014-11-13,95.48
2014-11-12,95.33
2014-11-11,95.14
2014-11-10,95.11
2014-11-07,95.05
2014-11-06,94.66
2014-11-05,94.64
2014-11-04,94.47
2014-11-03,93.61
2014-10-31,93.73
2014-10-30,93.38
2014-10-29,92.73
2014-10-28,92.6
2014-10-27,92.01
2014-10-24,91.67
2014-10-23,91.02
2014-10-22,90.94
2014-10-21,91.01
2014-10-20,91.59
2014-10-17,91.08
2014-10-16,89.91
2014-10-15,90.52
2014-10-14,91.08
2014-10-13,90.73
2014-10-10,92.3
2014-10-09,92.72
2014-10-08,93.83
2014-10-07,92.81
2014-10-06,93.84
2014-10-03,94.86
2014-10-02,94.12
2014-10-01,94.19
2014-09-30,94.81
2014-09-29,96.22
2014-09-26,94.7
2014-09-25,94.16
2014-09-24,95.0
2014-09-23,93.51
2014-09-22,93.93
2014-09-19,94.36
2014-09-18,93.48
2014-09-17,93.53
2014-09-16,93.75
2014-09-15,93.47
2014-09-12,93.34
2014-09-11,92.96
2014-09-10,93.0
2014-09-09,91.09
2014-09-08,92.5
2014-09-05,93.07
2014-09-04,93.01
2014-09-03,93.14
2014-09-02,92.8
2014-08-29,93.59
2014-08-28,94.14
2014-08-27,94.61
2014-08-26,94.1
2014-08-25,94.44
2014-08-22,94.39
2014-08-21,94.6
2014-08-20,94.19
2014-08-19,94.45
2014-08-18,94.25
2014-08-15,93.76
2014-08-14,93.66
2014-08-13,93.92
2014-08-12,93.56
2014-08-11,93.53
2014-08-08,93.54
2014-08-07,93.31
2014-08-06,93.47
2014-08-05,93.47
2014-08-04,94.31
2014-08-01,94.3
2014-07-31,94.6
2014-07-30,96.01
2014-07-29,95.8998
2014-07-28,95.78
2014-07-25,95.715
2014-07-24,95.415
2014-07-23,95.35
2014-07-22,96.2
2014-07-21,97.55
2014-07-18,98.99
2014-07-17,98.39
2014-07-16,99.27
2014-07-15,100.3
2014-07-14,100.47
2014-07-11,100.37
2014-07-10,100.58
2014-07-09,101.07
2014-07-08,100.09
2014-07-07,100.17
2014-07-03,100.98
2014-07-02,100.53
2014-07-01,101.0
2014-06-30,100.74
2014-06-27,101.46
2014-06-26,101.51
2014-06-25,101.61
2014-06-24,101.47
2014-06-23,101.91
2014-06-20,101.92
2014-06-19,101.91
2014-06-18,101.35
2014-06-17,101.27
2014-06-16,101.1
2014-06-13,100.49
2014-06-12,99.76
2014-06-11,100.42
2014-06-10,100.88
2014-06-09,101.38
2014-06-06,101.96
2014-06-05,102.45
2014-06-04,102.44
2014-06-03,101.45
2014-06-02,102.03
2014-05-30,101.43
2014-05-29,101.34
2014-05-28,101.3
2014-05-27,102.36
2014-05-23,102.0
2014-05-22,102.45
2014-05-21,102.56
2014-05-20,101.53
2014-05-19,102.09
2014-05-16,103.14
2014-05-15,102.5
2014-05-14,103.03
2014-05-13,103.53
2014-05-12,102.86
2014-05-09,102.93
2014-05-08,101.95
2014-05-07,101.96
2014-05-06,100.95
2014-05-05,101.14
2014-05-02,101.43
2014-05-01,100.96
2014-04-30,101.38
2014-04-29,101.5
2014-04-28,100.31
2014-04-25,100.73
2014-04-24,99.84
2014-04-23,99.13
2014-04-22,99.32
2014-04-21,99.67
2014-04-17,100.25
2014-04-16,100.83
2014-04-15,100.83
2014-04-14,100.11
2014-04-11,99.29
2014-04-10,99.43
2014-04-09,98.35
2014-04-08,98.08
2014-04-07,97.01
2014-04-04,97.87
2014-04-03,97.66
2014-04-02,97.59
2014-04-01,97.9
2014-03-31,98.03
2014-03-28,97.24
2014-03-27,96.16
2014-03-26,95.84
2014-03-25,95.91
2014-03-24,96.18
2014-03-21,95.47
2014-03-20,96.6
2014-03-19,96.1
2014-03-18,97.31
2014-03-17,97.6
2014-03-14,97.58
2014-03-13,97.37
2014-03-12,98.71
2014-03-11,98.78
2014-03-10,95.2
2014-03-07,95.5
2014-03-06,95.58
2014-03-05,95.02
2014-03-04,94.98
2014-03-03,94.32
2014-02-28,95.15
2014-02-27,95.08
2014-02-26,95.89
2014-02-25,96.62
2014-02-24,96.5
2014-02-21,96.45
2014-02-20,95.75
2014-02-19,95.55
2014-02-18,96.02
2014-02-14,95.78
2014-02-13,95.46
2014-02-12,94.89
2014-02-11,95.34
2014-02-10,94.86
2014-02-07,95.92
2014-02-06,94.94
2014-02-05,93.58
2014-02-04,93.09
2014-02-03,93.02
2014-01-31,94.17
2014-01-30,93.8
2014-01-29,93.15
2014-01-28,94.18
2014-01-27,94.07
2014-01-24,94.43
2014-01-23,95.32
2014-01-22,94.88
2014-01-21,95.08
2014-01-17,94.93
2014-01-16,96.06
2014-01-15,95.46
2014-01-14,95.22
2014-01-13,94.83
2014-01-10,95.8
2014-01-09,95.46
2014-01-08,95.41
2014-01-07,96.38
2014-01-06,95.85
2014-01-03,96.54
2014-01-02,96.41
2013-12-31,97.03
2013-12-30,97.01
2013-12-27,96.91
2013-12-26,96.84
2013-12-24,96.54
2013-12-23,96.3
2013-12-20,96.51
2013-12-19,95.14
2013-12-18,95.93
2013-12-17,94.38
2013-12-16,95.45
2013-12-13,94.44
2013-12-12,94.1
2013-12-11,95.26
2013-12-10,95.43
2013-12-09,95.72
2013-12-06,96.8
2013-12-05,95.43
2013-12-04,95.71
2013-12-03,96.38
2013-12-02,96.51
2013-11-29,97.37
2013-11-27,97.06
2013-11-26,98.2
2013-11-25,98.92
2013-11-22,98.27
2013-11-21,97.7
2013-11-20,97.54
2013-11-19,97.98
2013-11-18,97.65
2013-11-15,96.92
2013-11-14,97.56
2013-11-13,98.11
2013-11-12,97.66
2013-11-11,97.09
2013-11-08,97.01
2013-11-07,97.2
2013-11-06,97.9
2013-11-05,97.41
2013-11-04,97.31
2013-11-01,97.24
2013-10-31,96.52
2013-10-30,96.03
2013-10-29,96.05
2013-10-28,95.37
2013-10-25,94.78
2013-10-24,94.68
2013-10-23,94.21
2013-10-22,95.12
2013-10-21,94.59
2013-10-18,95.2
2013-10-17,95.47
2013-10-16,95.22
2013-10-15,93.8
2013-10-14,94.72
2013-10-11,94.74
2013-10-10,94.44
2013-10-09,93.27
2013-10-08,93.94
2013-10-07,94.36
2013-10-04,94.7
2013-10-03,94.67
2013-10-02,95.28
2013-10-01,96.13
2013-09-30,96.21
2013-09-27,97.12
2013-09-26,98.19
2013-09-25,97.62
2013-09-24,97.78
2013-09-23,97.28
2013-09-20,96.9
2013-09-19,97.92
2013-09-18,98.7
2013-09-17,97.92
2013-09-16,97.71
2013-09-13,97.35
2013-09-12,97.18
2013-09-11,97.46
2013-09-10,96.89
2013-09-09,96.45
2013-09-06,96.26
2013-09-05,95.66
2013-09-04,95.16
2013-09-03,94.52
2013-08-30,94.36
2013-08-29,94.86
2013-08-28,96.08
2013-08-27,94.84
2013-08-26,95.31
2013-08-23,95.13
2013-08-22,95.46
2013-08-21,95.11
2013-08-20,95.5
2013-08-19,95.48
2013-08-16,95.03
2013-08-15,95.39
2013-08-14,96.11
2013-08-13,96.45
2013-08-12,97.04
2013-08-09,97.62
2013-08-08,98.04
2013-08-07,98.33
2013-08-06,98.69
2013-08-05,99.31
2013-08-02,99.2
2013-08-01,99.0
2013-07-31,98.08
2013-07-30,98.37
2013-07-29,97.87
2013-07-26,98.03
2013-07-25,97.49
2013-07-24,96.66
2013-07-23,96.76
2013-07-22,97.58
2013-07-19,100.27
2013-07-18,100.18
2013-07-17,100.1
2013-07-16,100.88
2013-07-15,100.75
2013-07-12,101.58
2013-07-11,100.79
2013-07-10,99.98
2013-07-09,99.99
2013-07-08,99.88
2013-07-05,99.86
2013-07-03,100.35
2013-07-02,99.93
2013-07-01,99.82
2013-06-28,99.0
2013-06-27,99.65
2013-06-26,98.84
2013-06-25,97.52
2013-06-24,97.29
2013-06-21,97.23
2013-06-20,96.79
2013-06-19,98.81
2013-06-18,99.75
2013-06-17,98.74
2013-06-14,98.42
2013-06-13,98.88
2013-06-12,98.24
2013-06-11,98.23
2013-06-10,99.53
2013-06-07,98.28
2013-06-06,96.68
2013-06-05,96.42
2013-06-04,98.37
2013-06-03,97.96
2013-05-31,96.57
2013-05-30,97.07
2013-05-29,99.05
2013-05-28,101.24
2013-05-24,100.29
2013-05-23,101.03
2013-05-22,101.74
2013-05-21,102.14
2013-05-20,101.54
2013-05-17,101.54
2013-05-16,101.12
