date,last
2022-12-30,84.0
2022-12-29,84.18
2022-12-28,81.82
2022-12-27,83.04
2022-12-23,85.25
2022-12-22,83.79
2022-12-21,86.77
2022-12-20,85.19
2022-12-19,84.92
2022-12-16,87.86
2022-12-15,88.45
2022-12-14,91.58
2022-12-13,92.49
2022-12-12,90.55
2022-12-09,89.09
2022-12-08,90.35
2022-12-07,88.46
2022-12-06,88.25
2022-12-05,91.01
2022-12-02,94.13
2022-12-01,95.5
2022-11-30,96.54
2022-11-29,92.42
2022-11-28,93.95
2022-11-25,93.41
2022-11-23,94.13
2022-11-22,93.2
2022-11-21,92.46
2022-11-18,94.14
2022-11-17,94.85
2022-11-16,97.12
2022-11-15,98.94
2022-11-14,98.49
2022-11-11,100.79
2022-11-10,96.63
2022-11-09,86.14
2022-11-08,89.98
2022-11-07,90.53
2022-11-04,90.98
2022-11-03,89.3
2022-11-02,92.12
2022-11-01,96.79
2022-10-31,102.44
2022-10-28,103.41
2022-10-27,110.96
2022-10-26,115.66
2022-10-25,120.6
2022-10-24,119.82
2022-10-21,119.32
2022-10-20,115.25
2022-10-19,115.07
2022-10-18,116.36
2022-10-17,113.79
2022-10-14,106.9
2022-10-13,112.53
2022-10-12,112.9
2022-10-11,112.21
2022-10-10,113.67
2022-10-07,114.56
2022-10-06,120.3
2022-10-05,120.95
2022-10-04,121.09
2022-10-03,115.88
2022-09-30,113.0
2022-09-29,114.8
2022-09-28,118.01
2022-09-27,114.41
2022-09-26,115.15
2022-09-23,113.78
2022-09-22,117.31
2022-09-21,118.54
2022-09-20,122.19
2022-09-19,124.66
2022-09-16,123.53
2022-09-15,126.28
2022-09-14,128.55
2022-09-13,128.3
2022-09-12,136.45
2022-09-09,133.27
2022-09-08,129.82
2022-09-07,129.48
2022-09-06,126.11
2022-09-02,127.51
2022-09-01,127.82
2022-08-31,126.77
2022-08-30,128.73
2022-08-29,129.79
2022-08-26,130.75
2022-08-25,137.3
2022-08-24,133.8
2022-08-23,133.62
2022-08-22,133.22
2022-08-19,138.23
2022-08-18,142.3
2022-08-17,142.1
2022-08-16,144.78
2022-08-15,143.18
2022-08-12,143.55
2022-08-11,140.64
2022-08-10,142.69
2022-08-09,137.83
2022-08-08,139.41
2022-08-05,140.8
2022-08-04,142.57
2022-08-03,139.52
2022-08-02,134.16
2022-08-01,135.39
2022-07-29,134.95
2022-07-28,122.28
2022-07-27,120.97
2022-07-26,114.81
2022-07-25,121.14
2022-07-22,122.42
2022-07-21,124.63
2022-07-20,122.77
2022-07-19,118.21
2022-07-18,113.76
2022-07-15,113.55
2022-07-14,110.63
2022-07-13,110.4
2022-07-12,109.22
2022-07-11,111.75
2022-07-08,115.54
2022-07-07,116.33
2022-07-06,114.33
2022-07-05,113.5
2022-07-01,109.56
2022-06-30,106.21
2022-06-29,108.92
2022-06-28,107.4
2022-06-27,113.22
2022-06-24,116.46
2022-06-23,112.44
2022-06-22,108.95
2022-06-21,108.68
2022-06-17,106.22
2022-06-16,103.66
2022-06-15,107.67
2022-06-14,102.31
2022-06-13,103.67
2022-06-10,109.65
2022-06-09,116.15
2022-06-08,121.18
2022-06-07,123.0
2022-06-06,124.79
2022-06-03,2447.0
2022-06-02,2510.22
2022-06-01,2433.68
2022-05-31,2404.19
2022-05-27,2302.93
2022-05-26,2221.55
2022-05-25,2135.5
2022-05-24,2082.0
2022-05-23,2151.14
2022-05-20,2151.82
2022-05-19,2146.38
2022-05-18,2142.25
2022-05-17,2307.37
2022-05-16,2216.21
2022-05-13,2261.1
2022-05-12,2138.61
2022-05-11,2107.44
2022-05-10,2177.18
2022-05-09,2175.78
2022-05-06,2295.45
2022-05-05,2328.14
2022-05-04,2518.57
2022-05-03,2485.07
2022-05-02,2490.0
2022-04-29,2485.63
2022-04-28,2891.93
2022-04-27,2763.34
2022-04-26,2787.82
2022-04-25,2921.48
2022-04-22,2887.0
2022-04-21,2965.92
2022-04-20,3079.96
2022-04-19,3162.31
2022-04-18,3055.7
2022-04-14,3034.13
2022-04-13,3110.82
2022-04-12,3015.75
2022-04-11,3022.44
2022-04-08,3089.21
2022-04-07,3155.69
2022-04-06,3174.51
2022-04-05,3281.1
2022-04-04,3366.93
2022-04-01,3271.2
2022-03-31,3259.95
2022-03-30,3326.02
2022-03-29,3386.3
2022-03-28,3379.81
2022-03-25,3295.47
2022-03-24,3272.99
2022-03-23,3268.16
2022-03-22,3297.78
2022-03-21,3229.83
2022-03-18,3225.01
2022-03-17,3144.78
2022-03-16,3062.08
2022-03-15,2947.33
2022-03-14,2837.06
2022-03-11,2910.43
2022-03-10,2936.35
2022-03-09,2785.58
2022-03-08,2720.29
2022-03-07,2749.06
2022-03-04,2912.82
2022-03-03,2957.97
2022-03-02,3041.05
2022-03-01,3022.84
2022-02-28,3071.26
2022-02-25,3075.77
2022-02-24,3027.15991
2022-02-23,2896.54004
2022-02-22,3003.94995
2022-02-18,3052.03003
2022-02-17,3093.05005
2022-02-16,3162.01001
2022-02-15,3130.20996
2022-02-14,3103.34009
2022-02-11,3065.87012
2022-02-10,3180.07007
2022-02-09,3223.79004
2022-02-08,3228.27002
2022-02-07,3158.70996
2022-02-04,3152.79004
2022-02-03,2776.90991
2022-02-02,3012.25
2022-02-01,3023.87012
2022-01-31,2991.46997
2022-01-28,2879.56006
2022-01-27,2792.75
2022-01-26,2777.44995
2022-01-25,2799.71997
2022-01-24,2890.87988
2022-01-21,2852.86011
2022-01-20,3033.3501
2022-01-19,3125.97998
2022-01-18,3178.3501
2022-01-14,3242.76001
2022-01-13,3224.28003
2022-01-12,3304.13989
2022-01-11,3307.23999
2022-01-10,3229.71997
2022-01-07,3251.08008
2022-01-06,3265.08008
2022-01-05,3287.13989
2022-01-04,3350.43994
2022-01-03,3408.09009
2021-12-31,3334.34009
2021-12-30,3372.88989
2021-12-29,3384.02002
2021-12-28,3413.21997
2021-12-27,3393.38989
2021-12-23,3421.37012
2021-12-22,3420.73999
2021-12-21,3408.34009
2021-12-20,3341.58008
2021-12-17,3400.3501
2021-12-16,3377.41992
2021-12-15,3466.30005
2021-12-14,3381.83008
2021-12-13,3391.3501
2021-12-10,3444.23999
2021-12-09,3483.41992
2021-12-08,3523.15991
2021-12-07,3523.29004
2021-12-06,3427.37012
2021-12-03,3389.79004
2021-12-02,3437.36011
2021-12-01,3443.71997
2021-11-30,3507.07007
2021-11-29,3561.57007
2021-11-26,3504.56006
2021-11-24,3580.40991
2021-11-23,3580.04004
2021-11-22,3572.57007
2021-11-19,3676.57007
2021-11-18,3696.06006
2021-11-17,3549.0
2021-11-16,3540.69995
2021-11-15,3545.67993
2021-11-12,3525.1499
2021-11-11,3472.5
2021-11-10,3482.05005
2021-11-09,3576.22998
2021-11-08,3488.97998
2021-11-05,3518.98999
2021-11-04,3477.0
2021-11-03,3384.0
2021-11-02,3312.75
2021-11-01,3318.11011
2021-10-29,3372.42993
2021-10-28,3446.57007
2021-10-27,3392.48999
2021-10-26,3376.07007
2021-10-25,3320.37012
2021-10-22,3335.55005
2021-10-21,3435.01001
2021-10-20,3415.06006
2021-10-19,3444.1499
2021-10-18,3446.73999
2021-10-15,3409.02002
2021-10-14,3299.86011
2021-10-13,3284.28003
2021-10-12,3247.33008
2021-10-11,3246.30005
2021-10-08,3288.62012
2021-10-07,3302.42993
2021-10-06,3262.01001
2021-10-05,3221.0
2021-10-04,3189.78003
2021-10-01,3283.26001
2021-09-30,3285.04004
2021-09-29,3301.12012
2021-09-28,3315.95996
2021-09-27,3405.80005
2021-09-24,3425.52002
2021-09-23,3416.0
2021-09-22,3380.05005
2021-09-21,3343.62988
2021-09-20,3355.72998
2021-09-17,3462.52002
2021-09-16,3488.23999
2021-09-15,3475.79004
2021-09-14,3450.0
2021-09-13,3457.16992
2021-09-10,3469.1499
2021-09-09,3484.15991
2021-09-08,3525.5
2021-09-07,3509.29004
2021-09-03,3478.05005
2021-09-02,3463.12012
2021-09-01,3479.0
2021-08-31,3470.79004
2021-08-30,3421.57007
2021-08-27,3349.62988
2021-08-26,3316.0
2021-08-25,3299.17993
2021-08-24,3305.78003
2021-08-23,3265.87012
2021-08-20,3201.05
2021-08-19,3187.75
2021-08-18,3201.21997
2021-08-17,3241.95996
2021-08-16,3298.98999
2021-08-13,3293.96997
2021-08-12,3303.5
2021-08-11,3292.11011
2021-08-10,3320.67993
2021-08-09,3341.87012
2021-08-06,3344.93994
2021-08-05,3375.98999
2021-08-04,3354.71997
2021-08-03,3366.23999
2021-08-02,3331.47998
2021-07-30,3327.59009
2021-07-29,3599.91992
2021-07-28,3630.32007
2021-07-27,3626.38989
2021-07-26,3699.82007
2021-07-23,3656.63989
2021-07-22,3638.03003
2021-07-21,3585.19995
2021-07-20,3573.18994
2021-07-19,3549.59009
2021-07-16,3573.62988
2021-07-15,3631.19995
2021-07-14,3681.67993
2021-07-13,3677.36011
2021-07-12,3718.55005
2021-07-09,3719.34009
2021-07-08,3731.40991
2021-07-07,3696.58008
2021-07-06,3675.73999
2021-07-02,3510.97998
2021-07-01,3432.96997
2021-06-30,3440.15991
2021-06-29,3448.13989
2021-06-28,3443.88989
2021-06-25,3401.45996
2021-06-24,3449.08008
2021-06-23,3503.82007
2021-06-22,3505.43994
2021-06-21,3453.95996
2021-06-18,3486.8999
2021-06-17,3489.23999
2021-06-16,3415.25
2021-06-15,3383.12988
2021-06-14,3383.87012
2021-06-11,3346.83008
2021-06-10,3349.6499
2021-06-09,3281.1499
2021-06-08,3264.11011
2021-06-07,3198.01001
2021-06-04,3206.21997
2021-06-03,3187.01001
2021-06-02,3233.98999
2021-06-01,3218.6499
2021-05-28,3223.07007
2021-05-27,3230.11011
2021-05-26,3265.15991
2021-05-25,3259.05005
2021-05-24,3244.98999
2021-05-21,3203.08008
2021-05-20,3247.67993
2021-05-19,3231.80005
2021-05-18,3232.28003
2021-05-17,3270.38989
2021-05-14,3222.8999
2021-05-13,3161.46997
2021-05-12,3158.0
2021-05-11,3223.90991
2021-05-10,3190.48999
2021-05-07,3291.61011
2021-05-06,3306.37012
2021-05-05,3270.54004
2021-05-04,3311.87012
2021-05-03,3386.48999
2021-04-30,3467.41992
2021-04-29,3471.31006
2021-04-28,3458.5
2021-04-27,3417.42993
2021-04-26,3409.0
2021-04-23,3340.87988
2021-04-22,3309.04004
2021-04-21,3362.02002
2021-04-20,3334.68994
2021-04-19,3372.01001
2021-04-16,3399.43994
2021-04-15,3379.09009
2021-04-14,3333.0
2021-04-13,3400.0
2021-04-12,3379.38989
2021-04-09,3372.19995
2021-04-08,3299.30005
2021-04-07,3279.38989
2021-04-06,3223.82007
2021-04-05,3226.72998
2021-04-01,3161.0
2021-03-31,3094.08008
2021-03-30,3055.29004
2021-03-29,3075.72998
2021-03-26,3052.03003
2021-03-25,3046.26001
2021-03-24,3087.07007
2021-03-23,3137.5
2021-03-22,3110.87012
2021-03-19,3074.95996
2021-03-18,3027.98999
2021-03-17,3135.72998
2021-03-16,3091.86011
2021-03-15,3081.67993
2021-03-12,3089.48999
2021-03-11,3113.59009
2021-03-10,3057.63989
2021-03-09,3062.8501
2021-03-08,2951.94995
2021-03-05,3000.45996
2021-03-04,2977.57007
2021-03-03,3005.0
2021-03-02,3094.53003
2021-03-01,3146.13989
2021-02-26,3092.92993
2021-02-25,3057.15991
2021-02-24,3159.53003
2021-02-23,3194.5
2021-02-22,3180.73999
2021-02-19,3249.8999
2021-02-18,3328.22998
2021-02-17,3308.63989
2021-02-16,3268.94995
2021-02-12,3277.70996
2021-02-11,3262.12988
2021-02-10,3286.58008
2021-02-09,3305.0
2021-02-08,3322.93994
2021-02-05,3352.1499
2021-02-04,3331.0
2021-02-03,3312.53003
2021-02-02,3380.0
2021-02-01,3342.87988
2021-01-29,3206.19995
2021-01-28,3237.62012
2021-01-27,3232.58008
2021-01-26,3326.12988
2021-01-25,3294.0
2021-01-22,3292.22998
2021-01-21,3306.98999
2021-01-20,3263.37988
2021-01-19,3120.76001
2021-01-15,3104.25
2021-01-14,3127.46997
2021-01-13,3180.0
2021-01-12,3120.83008
2021-01-11,3114.20996
2021-01-08,3182.69995
2021-01-07,3162.15991
2021-01-06,3138.37988
2021-01-05,3218.51001
2021-01-04,3186.62988
2020-12-31,3256.92993
2020-12-30,3285.8501
2020-12-29,3322.0
2020-12-28,3283.95996
2020-12-24,3172.68994
2020-12-23,3185.27002
2020-12-22,3206.52002
2020-12-21,3206.17993
2020-12-18,3221.5
2020-12-17,3236.08008
2020-12-16,3240.95996
2020-12-15,3165.12012
2020-12-14,3156.96997
2020-12-11,3116.41992
2020-12-10,3101.48999
2020-12-09,3104.19995
2020-12-08,3177.29004
2020-12-07,3158.0
2020-12-04,3162.58008
2020-12-03,3186.72998
2020-12-02,3203.53003
2020-12-01,3220.08008
2020-11-30,3168.04004
2020-11-27,3195.34009
2020-11-25,3185.07007
2020-11-24,3118.06006
2020-11-23,3098.38989
2020-11-20,3099.3999
2020-11-19,3117.02002
2020-11-18,3105.45996
2020-11-17,3135.65991
2020-11-16,3131.06006
2020-11-13,3128.81006
2020-11-12,3110.28003
2020-11-11,3137.38989
2020-11-10,3035.02002
2020-11-09,3143.73999
2020-11-06,3311.37012
2020-11-05,3322.0
2020-11-04,3241.15991
2020-11-03,3048.40991
2020-11-02,3004.47998
2020-10-30,3036.15
2020-10-29,3185.11
2020-10-28,3162.78
2020-10-27,3286.33
2020-10-26,3207.04
2020-10-23,3204.4
2020-10-22,3176.4
2020-10-21,3184.94
2020-10-20,3217.01
2020-10-19,3207.21
2020-10-16,3272.71
2020-10-15,3338.65
2020-10-14,3363.71
2020-10-13,3443.63
2020-10-12,3442.93
2020-10-09,3286.65
2020-10-08,3190.55
2020-10-07,3195.69
2020-10-06,3099.96
2020-10-05,3199.2
2020-10-02,3125.0
2020-10-01,3221.26
2020-09-30,3148.73
2020-09-29,3144.88
2020-09-28,3174.05
2020-09-25,3095.13
2020-09-24,3019.79
2020-09-23,2999.86
2020-09-22,3126.98
2020-09-21,2960.47
2020-09-18,2954.91
2020-09-17,3008.73
2020-09-16,3078.1
2020-09-15,3156.13
2020-09-14,3102.97
2020-09-11,3116.22
2020-09-10,3175.11
2020-09-09,3268.61
2020-09-08,3149.84
2020-09-04,3294.62
2020-09-03,3368.0
2020-09-02,3531.45
2020-09-01,3499.12
2020-08-31,3450.96
2020-08-28,3401.8
2020-08-27,3400.0
2020-08-26,3441.85
2020-08-25,3346.49
2020-08-24,3307.46
2020-08-21,3284.72
2020-08-20,3297.37
2020-08-19,3260.48
2020-08-18,3312.49
2020-08-17,3182.41
2020-08-14,3148.02
2020-08-13,3161.02
2020-08-12,3162.24
2020-08-11,3080.67
2020-08-10,3148.16
2020-08-07,3167.46
2020-08-06,3225.0
2020-08-05,3205.03
2020-08-04,3138.83
2020-08-03,3111.89
2020-07-31,3164.68
2020-07-30,3204.05
2020-07-29,3033.53
2020-07-28,3000.33
2020-07-27,3055.21
2020-07-24,3008.91
2020-07-23,2986.55
2020-07-22,3099.91
2020-07-21,3138.29
2020-07-20,3196.84
2020-07-17,2961.97
2020-07-16,2999.9
2020-07-15,3008.87
2020-07-14,3084.0
2020-07-13,3099.6
2020-07-10,3200.0
2020-07-09,3182.63
2020-07-08,3081.11
2020-07-07,3000.12
2020-07-06,3057.04
2020-07-02,2890.3
2020-07-01,2878.7
2020-06-30,2758.82
2020-06-29,2680.38
2020-06-26,2692.87
2020-06-25,2754.58
2020-06-24,2734.4
2020-06-23,2764.41
2020-06-22,2713.82
2020-06-19,2675.01
2020-06-18,2653.98
2020-06-17,2640.98
2020-06-16,2615.27
2020-06-15,2572.68
2020-06-12,2545.02
2020-06-11,2557.96
2020-06-10,2647.45
2020-06-09,2599.83
2020-06-08,2524.06
2020-06-05,2483.0
2020-06-04,2460.6
2020-06-03,2478.4
2020-06-02,2472.41
2020-06-01,2471.04
2020-05-29,2442.37
2020-05-28,2401.1
2020-05-27,2410.39
2020-05-26,2421.86
2020-05-22,2436.88
2020-05-21,2446.74
2020-05-20,2497.94
2020-05-19,2449.33
2020-05-18,2426.26
2020-05-15,2409.78
2020-05-14,2388.85
2020-05-13,2367.92
2020-05-12,2356.95
2020-05-11,2409.0
2020-05-08,2379.61
2020-05-07,2367.61
2020-05-06,2351.26
2020-05-05,2317.8
2020-05-04,2315.99
2020-05-01,2286.04
2020-04-30,2474.0
2020-04-29,2372.71
2020-04-28,2314.08
2020-04-27,2376.0
2020-04-24,2410.22
2020-04-23,2399.45
2020-04-22,2363.49
2020-04-21,2328.12
2020-04-20,2393.61
2020-04-17,2375.0
2020-04-16,2408.19
2020-04-15,2307.68
2020-04-14,2283.32
2020-04-13,2168.87
2020-04-09,2043.7
2020-04-08,2043.0
2020-04-07,2011.6
2020-04-06,1997.59
2020-04-03,1906.59
2020-04-02,1918.83
2020-04-01,1907.7
2020-03-31,1949.72
2020-03-30,1963.95
2020-03-27,1899.67
2020-03-26,1955.49
2020-03-25,1885.84
2020-03-24,1940.1
2020-03-23,1902.83
2020-03-20,1846.09
2020-03-19,1880.93
2020-03-18,1830.0
2020-03-17,1807.84
2020-03-16,1689.15
2020-03-13,1785.0
2020-03-12,1676.61
2020-03-11,1820.86
2020-03-10,1891.82
2020-03-09,1800.61
2020-03-06,1901.09
2020-03-05,1924.03
2020-03-04,1975.83
2020-03-03,1908.99
2020-03-02,1953.95
2020-02-28,1883.75
2020-02-27,1884.3
2020-02-26,1979.59
2020-02-25,1972.74
2020-02-24,2009.29
2020-02-21,2095.97
2020-02-20,2153.1
2020-02-19,2170.22
2020-02-18,2155.67
2020-02-14,2134.87
2020-02-13,2149.87
2020-02-12,2160.0
2020-02-11,2150.8
2020-02-10,2133.91
2020-02-07,2079.28
2020-02-06,2050.23
2020-02-05,2039.87
2020-02-04,2049.67
2020-02-03,2004.2
2020-01-31,2008.72
2020-01-30,1870.68
2020-01-29,1858.0
2020-01-28,1853.25
2020-01-27,1828.34
2020-01-24,1861.64
2020-01-23,1884.58
2020-01-22,1887.46
2020-01-21,1892.0
2020-01-17,1864.72
2020-01-16,1877.94
2020-01-15,1862.02
2020-01-14,1869.44
2020-01-13,1891.3
2020-01-10,1883.16
2020-01-09,1901.05
2020-01-08,1891.97
2020-01-07,1906.86
2020-01-06,1900.22
2020-01-03,1874.97
2020-01-02,1898.01
2019-12-30,1846.89
2019-12-27,1869.8
2019-12-26,1868.77
2019-12-24,1789.21
2019-12-23,1793.0
2019-12-20,1786.5
2019-12-19,1792.28
2019-12-18,1784.03
2019-12-17,1790.66
2019-12-16,1769.21
2019-12-13,1760.94
2019-12-12,1760.33
2019-12-11,1748.72
2019-12-10,1739.21
2019-12-09,1749.51
2019-12-06,1751.6
2019-12-05,1740.48
2019-12-04,1760.69
2019-12-03,1769.96
2019-12-02,1781.6
2019-11-29,1800.8
2019-11-27,1818.51
2019-11-26,1796.94
2019-11-25,1773.84
2019-11-22,1745.72
2019-11-21,1734.71
2019-11-20,1745.53
2019-11-19,1752.79
2019-11-18,1752.53
2019-11-15,1739.49
2019-11-14,1754.6
2019-11-13,1753.11
2019-11-12,1778.0
2019-11-11,1771.65
2019-11-08,1785.88
2019-11-07,1788.2
2019-11-06,1795.77
2019-11-05,1801.71
2019-11-04,1804.66
2019-11-01,1791.44
2019-10-31,1776.66
2019-10-30,1779.99
2019-10-29,1762.71
2019-10-28,1777.08
2019-10-25,1761.33
2019-10-24,1780.78
2019-10-23,1762.17
2019-10-22,1765.73
2019-10-21,1785.66
2019-10-18,1757.51
2019-10-17,1787.48
2019-10-16,1777.43
2019-10-15,1767.38
2019-10-14,1736.43
2019-10-11,1731.92
2019-10-10,1720.26
2019-10-09,1721.99
2019-10-08,1705.51
2019-10-07,1732.66
2019-10-04,1739.65
2019-10-03,1724.42
2019-10-02,1713.23
2019-10-01,1735.65
2019-09-30,1735.91
2019-09-27,1725.45
2019-09-26,1739.84
2019-09-25,1768.33
2019-09-24,1741.61
2019-09-23,1785.3
2019-09-20,1792.01
2019-09-19,1821.5
2019-09-18,1817.46
2019-09-17,1822.55
2019-09-16,1807.84
2019-09-13,1839.34
2019-09-12,1843.55
2019-09-11,1822.99
2019-09-10,1820.55
2019-09-09,1831.35
2019-09-06,1833.51
2019-09-05,1840.72
2019-09-04,1800.62
2019-09-03,1789.84
2019-08-30,1776.29
2019-08-29,1786.4
2019-08-28,1764.25
2019-08-27,1761.83
2019-08-26,1768.87
2019-08-23,1749.62
2019-08-22,1805.6
2019-08-21,1823.54
2019-08-20,1801.38
2019-08-19,1816.12
2019-08-16,1792.57
2019-08-15,1776.12
2019-08-14,1762.96
2019-08-13,1824.34
2019-08-12,1784.92
2019-08-09,1807.58
2019-08-08,1832.89
2019-08-07,1793.4
2019-08-06,1787.83
2019-08-05,1765.13
2019-08-02,1823.0
2019-08-01,1855.32
2019-07-31,1866.78
2019-07-30,1898.53
2019-07-29,1912.45
2019-07-26,1943.05
2019-07-25,1973.82
2019-07-24,2001.04
2019-07-23,1994.49
2019-07-22,1985.63
2019-07-19,1964.52
2019-07-18,1977.9
2019-07-17,1992.03
2019-07-16,2009.9
2019-07-15,2020.99
2019-07-12,2011.0
2019-07-11,2001.07
2019-07-10,2017.41
2019-07-09,1988.3
2019-07-08,1952.32
2019-07-05,1942.91
2019-07-03,1939.0
2019-07-02,1934.31
2019-07-01,1922.19
2019-06-28,1893.63
2019-06-27,1904.28
2019-06-26,1897.83
2019-06-25,1878.27
2019-06-24,1913.9
2019-06-21,1911.3
2019-06-20,1918.19
2019-06-19,1908.79
2019-06-18,1901.37
2019-06-17,1886.03
2019-06-14,1869.67
2019-06-13,1870.3
2019-06-12,1855.32
2019-06-11,1863.7
2019-06-10,1860.63
2019-06-07,1804.03
2019-06-06,1754.36
2019-06-05,1738.5
2019-06-04,1729.56
2019-06-03,1692.69
2019-05-31,1775.07
2019-05-30,1816.32
2019-05-29,1819.19
2019-05-28,1836.43
2019-05-24,1823.28
2019-05-23,1815.48
2019-05-22,1859.68
2019-05-21,1857.52
2019-05-20,1858.97
2019-05-17,1869.0
2019-05-16,1907.57
2019-05-15,1871.15
2019-05-14,1840.12
2019-05-13,1822.68
2019-05-10,1889.98
2019-05-09,1899.87
2019-05-08,1917.77
2019-05-07,1921.0
2019-05-06,1950.55
2019-05-03,1962.46
2019-05-02,1900.82
2019-05-01,1911.96
2019-04-30,1926.52
2019-04-29,1938.43
2019-04-26,1950.01
2019-04-25,1902.25
2019-04-24,1901.75
2019-04-23,1923.77
2019-04-22,1887.31
2019-04-18,1861.69
2019-04-17,1864.82
2019-04-16,1863.04
2019-04-15,1844.87
2019-04-12,1843.06
2019-04-11,1844.07
2019-04-10,1847.33
2019-04-09,1835.84
2019-04-08,1849.86
2019-04-05,1837.28
2019-04-04,1818.86
2019-04-03,1820.7
2019-04-02,1813.98
2019-04-01,1814.19
2019-03-29,1780.75
2019-03-28,1773.42
2019-03-27,1765.7
2019-03-26,1783.76
2019-03-25,1774.26
2019-03-22,1764.77
2019-03-21,1819.26
2019-03-20,1797.27
2019-03-19,1761.85
2019-03-18,1742.15
2019-03-15,1712.36
2019-03-14,1686.22
2019-03-13,1690.81
2019-03-12,1673.1
2019-03-11,1670.62
2019-03-08,1620.8
2019-03-07,1625.95
2019-03-06,1668.95
2019-03-05,1692.43
2019-03-04,1696.17
2019-03-01,1671.73
2019-02-28,1639.83
2019-02-27,1641.09
2019-02-26,1636.4
2019-02-25,1633.0
2019-02-22,1631.56
2019-02-21,1619.44
2019-02-20,1622.1
2019-02-19,1627.58
2019-02-15,1607.95
2019-02-14,1622.65
2019-02-13,1640.0
2019-02-12,1638.01
2019-02-11,1587.48
2019-02-08,1588.22
2019-02-07,1614.37
2019-02-06,1640.26
2019-02-05,1658.81
2019-02-04,1633.31
2019-02-01,1626.23
2019-01-31,1718.73
2019-01-30,1670.43
2019-01-29,1593.88
2019-01-28,1637.89
2019-01-25,1670.57
2019-01-24,1654.93
2019-01-23,1640.02
2019-01-22,1632.17
2019-01-18,1696.2
2019-01-17,1693.22
2019-01-16,1683.78
2019-01-15,1674.56
2019-01-14,1617.21
2019-01-11,1640.56
2019-01-10,1656.22
2019-01-09,1659.42
2019-01-08,1656.58
2019-01-07,1629.51
2019-01-04,1575.39
2019-01-03,1500.28
2019-01-02,1539.13
2018-12-31,1501.97
2018-12-28,1478.02
2018-12-27,1461.64
2018-12-26,1470.9
2018-12-24,1343.96
2018-12-21,1376.98
2018-12-20,1460.83
2018-12-19,1495.08
2018-12-18,1551.48
2018-12-17,1520.91
2018-12-14,1591.91
2018-12-13,1658.38
2018-12-12,1663.54
2018-12-11,1643.24
2018-12-10,1641.03
2018-12-07,1629.13
2018-12-06,1699.19
2018-12-04,1668.4
2018-12-03,1773.0
2018-11-30,1690.17
2018-11-29,1673.57
2018-11-28,1677.75
2018-11-27,1581.42
2018-11-26,1581.33
2018-11-23,1502.06
2018-11-21,1516.73
2018-11-20,1495.46
2018-11-19,1512.29
2018-11-16,1593.41
2018-11-15,1619.44
2018-11-14,1599.01
2018-11-13,1631.17
2018-11-12,1636.85
2018-11-09,1712.43
2018-11-08,1754.91
2018-11-07,1755.49
2018-11-06,1642.81
2018-11-05,1627.8
2018-11-02,1665.53
2018-11-01,1665.53
2018-10-31,1598.01
2018-10-30,1530.42
2018-10-29,1538.6078
2018-10-26,1642.81
2018-10-25,1782.17
2018-10-24,1664.2
2018-10-23,1768.7
2018-10-22,1792.36
2018-10-19,1764.03
2018-10-18,1770.72
2018-10-17,1831.73
2018-10-16,1819.96
2018-10-15,1760.95
2018-10-12,1788.61
2018-10-11,1719.36
2018-10-10,1755.25
2018-10-09,1870.32
2018-10-08,1864.42
2018-10-05,1889.65
2018-10-04,1909.42
2018-10-03,1952.76
2018-10-02,1971.31
2018-10-01,2004.36
2018-09-28,2003.0
2018-09-27,2012.98
2018-09-26,1974.85
2018-09-25,1974.55
2018-09-24,1934.36
2018-09-21,1915.01
2018-09-20,1944.3
2018-09-19,1926.42
2018-09-18,1941.05
2018-09-17,1908.03
2018-09-14,1970.19
2018-09-13,1989.87
2018-09-12,1990.0
2018-09-11,1987.15
2018-09-10,1939.01
2018-09-07,1952.07
2018-09-06,1958.31
2018-09-05,1994.82
2018-09-04,2039.51
2018-08-31,2012.71
2018-08-30,2002.0
2018-08-29,1998.1
2018-08-28,1932.82
2018-08-27,1927.68
2018-08-24,1905.39
2018-08-23,1902.9
2018-08-22,1904.9
2018-08-21,1883.42
2018-08-20,1876.71
2018-08-17,1882.22
2018-08-16,1886.52
2018-08-15,1882.62
2018-08-14,1919.65
2018-08-13,1896.2
2018-08-10,1886.3
2018-08-09,1898.52
2018-08-08,1886.52
2018-08-07,1862.48
2018-08-06,1847.75
2018-08-03,1823.29
2018-08-02,1834.33
2018-08-01,1797.17
2018-07-31,1777.44
2018-07-30,1779.22
2018-07-27,1817.27
2018-07-26,1808.0
2018-07-25,1863.61
2018-07-24,1829.24
2018-07-23,1802.0
2018-07-20,1813.7
2018-07-19,1812.97
2018-07-18,1842.92
2018-07-17,1843.93
2018-07-16,1822.49
2018-07-13,1813.03
2018-07-12,1796.62
2018-07-11,1755.0
2018-07-10,1743.07
2018-07-09,1739.02
2018-07-06,1710.63
2018-07-05,1699.73
2018-07-03,1693.96
2018-07-02,1713.78
2018-06-29,1702.0
2018-06-28,1701.45
2018-06-27,1660.51
2018-06-26,1691.09
2018-06-25,1663.15
2018-06-22,1715.67
2018-06-21,1730.22
2018-06-20,1750.08
2018-06-19,1734.78
2018-06-18,1723.79
2018-06-15,1715.97
2018-06-14,1723.86
2018-06-13,1704.86
2018-06-12,1698.75
2018-06-11,1689.12
2018-06-08,1683.99
2018-06-07,1689.3
2018-06-06,1695.75
2018-06-05,1696.35
2018-06-04,1665.27
2018-06-01,1641.54
2018-05-31,1629.62
2018-05-30,1624.89
2018-05-29,1612.87
2018-05-25,1610.15
2018-05-24,1603.07
2018-05-23,1601.86
2018-05-22,1581.4
2018-05-21,1585.46
2018-05-18,1574.37
2018-05-17,1581.76
2018-05-16,1587.28
2018-05-15,1576.12
2018-05-14,1601.54
2018-05-11,1602.91
2018-05-10,1609.08
2018-05-09,1608.0
2018-05-08,1592.39
2018-05-07,1600.14
2018-05-04,1580.95
2018-05-03,1572.075
2018-05-02,1569.68
2018-05-01,1582.26
2018-04-30,1566.13
2018-04-27,1572.62
2018-04-26,1517.96
2018-04-25,1460.17
2018-04-24,1460.09
2018-04-23,1517.86
2018-04-20,1527.49
2018-04-19,1556.91
2018-04-18,1527.84
2018-04-17,1503.83
2018-04-16,1441.5
2018-04-13,1430.79
2018-04-12,1448.5
2018-04-11,1427.05
2018-04-10,1436.22
2018-04-09,1406.08
2018-04-06,1405.23
2018-04-05,1451.75
2018-04-04,1410.57
2018-04-03,1392.05
2018-04-02,1371.92
2018-03-29,1447.34
2018-03-28,1431.42
2018-03-27,1497.05
2018-03-26,1555.86
2018-03-23,1495.56
2018-03-22,1544.92
2018-03-21,1581.86
2018-03-20,1586.51
2018-03-19,1544.93
2018-03-16,1571.68
2018-03-15,1582.32
2018-03-14,1591.0
2018-03-13,1588.18
2018-03-12,1598.39
2018-03-09,1578.89
2018-03-08,1551.86
2018-03-07,1545.0
2018-03-06,1537.64
2018-03-05,1523.61
2018-03-02,1500.25
2018-03-01,1493.45
2018-02-28,1512.45
2018-02-27,1511.98
2018-02-26,1521.95
2018-02-23,1500.0
2018-02-22,1485.34
2018-02-21,1482.92
2018-02-20,1468.35
2018-02-16,1448.69
2018-02-15,1461.76
2018-02-14,1451.05
2018-02-13,1414.51
2018-02-12,1386.23
2018-02-09,1339.6
2018-02-08,1350.5
2018-02-07,1416.78
2018-02-06,1442.84
2018-02-05,1390.0
2018-02-02,1431.0
2018-02-01,1390.0
2018-01-31,1450.89
2018-01-30,1437.82
2018-01-29,1417.68
2018-01-26,1402.05
2018-01-25,1377.95
2018-01-24,1357.51
2018-01-23,1362.54
2018-01-22,1327.31
2018-01-19,1294.58
2018-01-18,1293.32
2018-01-17,1295.0
2018-01-16,1304.86
2018-01-12,1305.2
2018-01-11,1276.68
2018-01-10,1254.33
2018-01-09,1252.7
2018-01-08,1246.87
2018-01-05,1229.14
2018-01-04,1209.59
2018-01-03,1204.2
2018-01-02,1189.01
2017-12-29,1169.47
2017-12-28,1186.1
2017-12-27,1182.26
2017-12-26,1176.76
2017-12-22,1168.36
2017-12-21,1174.76
2017-12-20,1177.29
2017-12-19,1187.38
2017-12-18,1190.58
2017-12-15,1179.14
2017-12-14,1174.26
2017-12-13,1164.13
2017-12-12,1165.08
2017-12-11,1168.92
2017-12-08,1162.0
2017-12-07,1159.79
2017-12-06,1152.35
2017-12-05,1141.57
2017-12-04,1133.95
2017-12-01,1162.35
2017-11-30,1176.75
2017-11-29,1161.27
2017-11-28,1193.6
2017-11-27,1195.83
2017-11-24,1186.0
2017-11-22,1156.16
2017-11-21,1139.49
2017-11-20,1126.31
2017-11-17,1129.88
2017-11-16,1137.29
2017-11-15,1126.69
2017-11-14,1136.84
2017-11-13,1129.17
2017-11-10,1125.35
2017-11-09,1129.13
2017-11-08,1132.88
2017-11-07,1123.17
2017-11-06,1120.66
2017-11-03,1111.6
2017-11-02,1094.22
2017-11-01,1103.68
2017-10-31,1105.28
2017-10-30,1110.85
2017-10-27,1100.95
2017-10-26,972.43
2017-10-25,972.91
2017-10-24,975.9
2017-10-23,966.3
2017-10-20,982.91
2017-10-19,986.61
2017-10-18,997.0
2017-10-17,1009.13
2017-10-16,1006.34
2017-10-13,1002.94
2017-10-12,1000.93
2017-10-11,995.0
2017-10-10,987.2
2017-10-09,990.99
2017-10-06,989.58
2017-10-05,980.85
2017-10-04,965.45
2017-10-03,957.1
2017-10-02,959.19
2017-09-29,961.35
2017-09-28,956.4
2017-09-27,950.87
2017-09-26,938.6
2017-09-25,939.79
2017-09-22,955.1
2017-09-21,964.65
2017-09-20,973.21
2017-09-19,969.86
2017-09-18,974.19
2017-09-15,986.79
2017-09-14,992.21
2017-09-13,999.6
2017-09-12,982.58
2017-09-11,977.96
2017-09-08,965.9
2017-09-07,979.47
2017-09-06,967.8
2017-09-05,965.27
2017-09-01,978.25
2017-08-31,980.6
2017-08-30,967.59
2017-08-29,954.06
2017-08-28,946.02
2017-08-25,945.26
2017-08-24,952.45
2017-08-23,958.0
2017-08-22,966.9
2017-08-21,953.29
2017-08-18,958.47
2017-08-17,960.57
2017-08-16,978.18
2017-08-15,982.74
2017-08-14,983.3
2017-08-11,967.99
2017-08-10,957.8
2017-08-09,982.01
2017-08-08,989.84
2017-08-07,992.27
2017-08-04,987.58
2017-08-03,986.92
2017-08-02,995.89
2017-08-01,996.19
2017-07-31,987.78
2017-07-28,1020.04
2017-07-27,1046.0
2017-07-26,1052.8
2017-07-25,1039.87
2017-07-24,1038.95
2017-07-21,1025.67
2017-07-20,1028.7
2017-07-19,1026.87
2017-07-18,1024.45
2017-07-17,1010.04
2017-07-14,1001.81
2017-07-13,1000.63
2017-07-12,1006.51
2017-07-11,994.13
2017-07-10,996.47
2017-07-07,978.76
2017-07-06,965.14
2017-07-05,971.4
2017-07-03,953.66
2017-06-30,968.0
2017-06-29,975.93
2017-06-28,990.33
2017-06-27,976.78
2017-06-26,993.98
2017-06-23,1003.74
2017-06-22,1001.3
2017-06-21,1002.23
2017-06-20,992.59
2017-06-19,995.17
2017-06-16,987.71
2017-06-15,964.17
2017-06-14,976.47
2017-06-13,980.79
2017-06-12,964.91
2017-06-09,977.6
2017-06-08,1010.27
2017-06-07,1010.07
2017-06-06,1003.0
2017-06-05,1011.34
2017-06-02,1006.73
2017-06-01,995.95
2017-05-31,994.62
2017-05-30,996.37
2017-05-26,995.78
2017-05-25,993.38
2017-05-24,980.35
2017-05-23,971.54
2017-05-22,970.67
2017-05-19,959.84
2017-05-18,958.49
2017-05-17,944.76
2017-05-16,966.07
2017-05-15,957.97
2017-05-12,961.35
2017-05-11,947.62
2017-05-10,948.95
2017-05-09,952.82
2017-05-08,949.04
2017-05-05,934.15
2017-05-04,937.53
2017-05-03,941.03
2017-05-02,946.94
2017-05-01,948.23
2017-04-28,924.99
2017-04-27,918.38
2017-04-26,909.29
2017-04-25,907.62
2017-04-24,907.41
2017-04-21,898.53
2017-04-20,902.06
2017-04-19,899.2
2017-04-18,903.78
2017-04-17,901.99
2017-04-13,884.67
2017-04-12,896.23
2017-04-11,902.36
2017-04-10,907.04
2017-04-07,894.88
2017-04-06,898.28
2017-04-05,909.28
2017-04-04,906.83
2017-04-03,891.51
2017-03-31,886.75
2017-03-30,876.34
2017-03-29,874.32
2017-03-28,856.0
2017-03-27,846.82
2017-03-24,845.61
2017-03-23,847.38
2017-03-22,848.06
2017-03-21,843.2
2017-03-20,856.97
2017-03-17,852.31
2017-03-16,853.42
2017-03-15,852.97
2017-03-14,852.53
2017-03-13,854.59
2017-03-10,852.46
2017-03-09,853.0
2017-03-08,850.5
2017-03-07,846.02
2017-03-06,846.61
2017-03-03,849.88
2017-03-02,848.91
2017-03-01,853.08
2017-02-28,845.04
2017-02-27,848.64
2017-02-24,845.24
2017-02-23,852.19
2017-02-22,855.61
2017-02-21,856.44
2017-02-17,845.07
2017-02-16,844.14
2017-02-15,842.7
2017-02-14,836.39
2017-02-13,836.53
2017-02-10,827.46
2017-02-09,821.36
2017-02-08,819.71
2017-02-07,812.5
2017-02-06,807.64
2017-02-03,810.2
2017-02-02,839.95
2017-02-01,832.35
2017-01-31,823.48
2017-01-30,830.38
2017-01-27,835.77
2017-01-26,839.15
2017-01-25,836.52
2017-01-24,822.44
2017-01-23,817.88
2017-01-20,808.33
2017-01-19,809.04
2017-01-18,807.48
2017-01-17,809.72
2017-01-13,817.14
2017-01-12,813.64
2017-01-11,799.02
2017-01-10,795.9
2017-01-09,796.92
2017-01-06,795.99
2017-01-05,780.45
2017-01-04,757.18
2017-01-03,753.29
2016-12-30,749.87
2016-12-29,765.15
2016-12-28,772.13
2016-12-27,771.0
2016-12-23,760.59
2016-12-22,766.34
2016-12-21,770.6
2016-12-20,771.22
2016-12-19,766.0
2016-12-16,757.77
2016-12-15,761.0
2016-12-14,768.82
2016-12-13,774.34
2016-12-12,760.12
2016-12-09,768.66
2016-12-08,767.33
2016-12-07,770.42
2016-12-06,764.72
2016-12-05,759.36
2016-12-02,740.34
2016-12-01,743.65
2016-11-30,750.57
2016-11-29,762.52
2016-11-28,766.77
2016-11-25,780.37
2016-11-23,780.12
2016-11-22,785.33
2016-11-21,780.0
2016-11-18,760.16
2016-11-17,756.4
2016-11-16,746.49
2016-11-15,743.24
2016-11-14,719.07
2016-11-11,739.01
2016-11-10,742.25
2016-11-09,771.88
2016-11-08,787.75
2016-11-07,784.93
2016-11-04,755.05
2016-11-03,767.03
2016-11-02,765.56
2016-11-01,785.41
2016-10-31,789.82
2016-10-28,776.32
2016-10-27,818.36
2016-10-26,822.59
2016-10-25,835.18
2016-10-24,838.09
2016-10-21,818.99
2016-10-20,810.31
2016-10-19,817.69
2016-10-18,817.65
2016-10-17,812.97
2016-10-14,823.06
2016-10-13,829.28
2016-10-12,834.09
2016-10-11,830.97
2016-10-10,841.71
2016-10-07,839.43
2016-10-06,841.7
2016-10-05,844.36
2016-10-04,834.1
2016-10-03,836.9162
2016-09-30,837.33
2016-09-29,829.05
2016-09-28,828.71
2016-09-27,816.14
2016-09-26,799.16
2016-09-23,805.75
2016-09-22,804.7
2016-09-21,789.74
2016-09-20,780.22
2016-09-19,775.1
2016-09-16,778.29
2016-09-15,769.69
2016-09-14,761.09
2016-09-13,761.01
2016-09-12,771.51
2016-09-09,778.4775
2016-09-08,784.12
2016-09-07,784.48
2016-09-06,788.87
2016-09-02,772.44
2016-09-01,770.62
2016-08-31,769.16
2016-08-30,767.58
2016-08-29,771.29
2016-08-26,769.0
2016-08-25,759.22
2016-08-24,757.55
2016-08-23,762.45
2016-08-22,759.48
2016-08-19,756.98
2016-08-18,764.28
2016-08-17,764.63
2016-08-16,764.04
2016-08-15,768.49
2016-08-12,772.56
2016-08-11,771.24
2016-08-10,768.56
2016-08-09,768.31
2016-08-08,766.56
2016-08-05,765.98
2016-08-04,760.77
2016-08-03,754.55
2016-08-02,760.57
2016-08-01,767.74
2016-07-29,759.21
2016-07-28,752.61
2016-07-27,736.67
2016-07-26,735.59
2016-07-25,739.61
2016-07-22,744.86
2016-07-21,744.43
2016-07-20,745.72
2016-07-19,739.95
2016-07-18,736.07
2016-07-15,735.43
2016-07-14,741.19
2016-07-13,742.74
2016-07-12,748.21
2016-07-11,753.78
2016-07-08,745.81
2016-07-07,736.58
2016-07-06,737.61
2016-07-05,728.1
2016-07-01,725.62
2016-06-30,715.65
2016-06-29,715.6
2016-06-28,707.95
2016-06-27,691.41
2016-06-24,699.73
2016-06-23,722.08
2016-06-22,710.6
2016-06-21,715.82
2016-06-20,714.01
2016-06-17,706.36
2016-06-16,717.52
2016-06-15,714.27
2016-06-14,719.3
2016-06-13,715.25
2016-06-10,717.91
2016-06-09,727.65
2016-06-08,726.64
2016-06-07,723.85
2016-06-06,726.73
2016-06-03,725.54
2016-06-02,728.24
2016-06-01,719.44
2016-05-31,722.78
2016-05-27,712.13
2016-05-26,714.91
2016-05-25,708.35
2016-05-24,704.2
2016-05-23,696.79
2016-05-20,702.8
2016-05-19,698.52
2016-05-18,697.45
2016-05-17,695.27
2016-05-16,710.66
2016-05-13,710.22
2016-05-12,717.93
2016-05-11,713.7266
2016-05-10,703.245
2016-05-09,679.75
2016-05-06,673.95
2016-05-05,659.05
2016-05-04,670.9
2016-05-03,671.32
2016-05-02,683.85
2016-04-29,659.59
2016-04-28,602.0
2016-04-27,606.57
2016-04-26,616.88
2016-04-25,626.2
2016-04-22,620.51
2016-04-21,631.0
2016-04-20,632.99
2016-04-19,627.9
2016-04-18,635.35
2016-04-15,625.89
2016-04-14,620.75
2016-04-13,615.2
2016-04-12,603.17
2016-04-11,595.93
2016-04-08,594.6
2016-04-07,591.43
2016-04-06,602.08
2016-04-05,586.14
2016-04-04,593.19
2016-04-01,598.5
2016-03-31,593.66
2016-03-30,598.69
2016-03-29,593.93
2016-03-28,579.87
2016-03-24,582.95
2016-03-23,569.63
2016-03-22,560.48
2016-03-21,553.98
2016-03-18,552.08
2016-03-17,559.44
2016-03-16,574.333
2016-03-15,577.02
2016-03-14,573.37
2016-03-11,569.59
2016-03-10,558.93
2016-03-09,559.48
2016-03-08,560.26
2016-03-07,562.8
2016-03-04,575.14
2016-03-03,577.49
2016-03-02,580.21
2016-03-01,579.04
2016-02-29,552.88
2016-02-26,555.23
2016-02-25,555.3
2016-02-24,554.04
2016-02-23,552.94
2016-02-22,559.5
2016-02-19,534.9
2016-02-18,525.0
2016-02-17,534.1
2016-02-16,521.11
2016-02-12,507.08
2016-02-11,503.82
2016-02-10,490.48
2016-02-09,482.06
2016-02-08,488.1
2016-02-05,502.13
2016-02-04,536.26
2016-02-03,531.07
2016-02-02,552.1
2016-02-01,574.99
2016-01-29,587.0
2016-01-28,635.35
2016-01-27,583.35
2016-01-26,601.25
2016-01-25,596.53
2016-01-22,596.38
2016-01-21,574.95
2016-01-20,571.77
2016-01-19,574.48
2016-01-15,569.915
2016-01-14,593.0
2016-01-13,581.81
2016-01-12,617.89
2016-01-11,617.74
2016-01-08,607.23
2016-01-07,607.94
2016-01-06,632.81
2016-01-05,633.79
2016-01-04,636.98
2015-12-31,676.1
2015-12-30,689.07
2015-12-29,693.97
2015-12-28,675.25
2015-12-24,662.79
2015-12-23,663.54
2015-12-22,663.15
2015-12-21,664.51
2015-12-18,664.74
2015-12-17,670.65
2015-12-16,675.77
2015-12-15,658.64
2015-12-14,657.91
2015-12-11,640.15
2015-12-10,662.32
2015-12-09,664.79
2015-12-08,677.33
2015-12-07,669.83
2015-12-04,672.64
2015-12-03,666.5
2015-12-02,676.01
2015-12-01,679.06
2015-11-30,664.8
2015-11-27,673.26
2015-11-25,675.34
2015-11-24,671.15
2015-11-23,678.99
2015-11-20,668.45
2015-11-19,661.27
2015-11-18,663.57
2015-11-17,643.3
2015-11-16,647.8
2015-11-13,642.35
2015-11-12,665.6
2015-11-11,673.86
2015-11-10,659.68
2015-11-09,655.49
2015-11-06,659.37
2015-11-05,655.65
2015-11-04,640.95
2015-11-03,625.32
2015-11-02,628.35
2015-10-30,625.9
2015-10-29,626.55
2015-10-28,617.22
2015-10-27,610.48
2015-10-26,608.61
2015-10-23,599.03
2015-10-22,563.91
2015-10-21,555.77
2015-10-20,560.8101
2015-10-19,573.15
2015-10-16,570.73
2015-10-15,562.36
2015-10-14,544.83
2015-10-13,548.9
2015-10-12,550.19
2015-10-09,539.8
2015-10-08,533.16
2015-10-07,541.66
2015-10-06,537.48
2015-10-05,543.68
2015-10-02,532.52
2015-10-01,520.72
2015-09-30,511.67
2015-09-29,496.07
2015-09-28,504.06
2015-09-25,524.25
2015-09-24,533.75
2015-09-23,536.07
2015-09-22,538.4
2015-09-21,548.38
2015-09-18,540.26
2015-09-17,538.87
2015-09-16,527.24
2015-09-15,522.37
2015-09-14,521.17
2015-09-11,529.28
2015-09-10,522.15
2015-09-09,516.89
2015-09-08,517.54
2015-09-04,499.0
2015-09-03,504.72
2015-09-02,510.55
2015-09-01,496.54
2015-08-31,512.67
2015-08-28,518.01
2015-08-27,518.37
2015-08-26,500.77
2015-08-25,466.37
2015-08-24,463.37
2015-08-21,494.5
2015-08-20,516.3
2015-08-19,532.92
2015-08-18,535.02
2015-08-17,535.3
2015-08-14,531.52
2015-08-13,529.66
2015-08-12,525.91
2015-08-11,528.09
2015-08-10,523.99
2015-08-07,522.61
2015-08-06,529.69
2015-08-05,537.01
2015-08-04,531.84
2015-08-03,534.59
2015-07-31,536.35
2015-07-30,536.76
2015-07-29,529.0
2015-07-28,526.03
2015-07-27,531.41
2015-07-24,530.5
2015-07-23,482.18
2015-07-22,488.27
2015-07-21,488.0
2015-07-20,488.03
2015-07-17,483.01
2015-07-16,475.48
2015-07-15,461.3
2015-07-14,465.57
2015-07-13,455.56
2015-07-10,443.51
2015-07-09,434.39
2015-07-08,429.7
2015-07-07,436.72
2015-07-06,436.04
2015-07-02,437.71
2015-07-01,437.48
2015-06-30,434.39
2015-06-29,429.86
2015-06-26,438.57
2015-06-25,440.1
2015-06-24,440.84
2015-06-23,445.99
2015-06-22,436.29
2015-06-19,434.92
2015-06-18,439.7
2015-06-17,427.81
2015-06-16,427.26
2015-06-15,423.66
2015-06-12,430.06
2015-06-11,432.97
2015-06-10,430.77
2015-06-09,425.48
2015-06-08,423.5
2015-06-05,426.95
2015-06-04,430.78
2015-06-03,436.59
2015-06-02,430.99
2015-06-01,430.92
2015-05-29,429.23
2015-05-28,426.57
2015-05-27,431.42
2015-05-26,425.47
2015-05-22,427.65
2015-05-21,431.63
2015-05-20,423.88
2015-05-19,421.71
2015-05-18,425.24
2015-05-15,426.0
2015-05-14,432.28
2015-05-13,426.87
2015-05-12,431.02
2015-05-11,432.81
2015-05-08,433.67
2015-05-07,426.88
2015-05-06,419.1
2015-05-05,421.19
2015-05-04,423.04
2015-05-01,422.8
2015-04-30,421.785
2015-04-29,429.37
2015-04-28,429.31
2015-04-27,438.56
2015-04-24,445.1
2015-04-23,389.99
2015-04-22,389.8
2015-04-21,391.18
2015-04-20,389.8
2015-04-17,375.52
2015-04-16,386.04
2015-04-15,383.45
2015-04-14,385.11
2015-04-13,382.36
2015-04-10,382.65
2015-04-09,383.54
2015-04-08,381.2
2015-04-07,374.41
2015-04-06,377.04
2015-04-02,372.25
2015-04-01,370.255
2015-03-31,372.1
2015-03-30,374.59
2015-03-27,370.56
2015-03-26,367.35
2015-03-25,370.94
2015-03-24,374.09
2015-03-23,375.11
2015-03-20,378.49
2015-03-19,373.24
2015-03-18,375.14
2015-03-17,371.92
2015-03-16,373.35
2015-03-13,370.58
2015-03-12,374.33
2015-03-11,366.37
2015-03-10,369.51
2015-03-09,378.56
2015-03-06,380.09
2015-03-05,387.83
2015-03-04,382.72
2015-03-03,384.61
2015-03-02,385.65
2015-02-27,380.27
2015-02-26,384.8
2015-02-25,385.48
2015-02-24,378.59
2015-02-23,380.14
2015-02-20,383.66
2015-02-19,378.995
2015-02-18,373.37
2015-02-17,375.27
2015-02-13,381.83
2015-02-12,377.06
2015-02-11,375.14
2015-02-10,372.995
2015-02-09,370.56
2015-02-06,374.33
2015-02-05,373.89
2015-02-04,364.75
2015-02-03,363.395
2015-02-02,364.47
2015-01-30,354.55
2015-01-29,311.78
2015-01-28,303.91
2015-01-27,306.75
2015-01-26,309.65
2015-01-23,312.42
2015-01-22,310.32
2015-01-21,297.25
2015-01-20,289.44
2015-01-16,290.74
2015-01-15,286.95
2015-01-14,293.26
2015-01-13,294.73
2015-01-12,291.4
2015-01-09,296.93
2015-01-08,300.46
2015-01-07,298.42
2015-01-06,295.29
2015-01-05,302.1
2015-01-02,308.52
2014-12-31,310.36
2014-12-30,310.34
2014-12-29,312.04
2014-12-26,309.09
2014-12-24,302.91
2014-12-23,306.285
2014-12-22,306.54
2014-12-19,299.9
2014-12-18,297.73
2014-12-17,298.88
2014-12-16,295.06
2014-12-15,306.07
2014-12-12,307.7
2014-12-11,307.36
2014-12-10,305.84
2014-12-09,312.5
2014-12-08,306.64
2014-12-05,312.63
2014-12-04,316.93
2014-12-03,316.5
2014-12-02,326.21
2014-12-01,325.98
2014-11-28,338.64
2014-11-26,333.57
2014-11-25,335.05
2014-11-24,335.54
2014-11-21,332.57
2014-11-20,330.54
2014-11-19,326.48
2014-11-18,325.01
2014-11-17,323.06
2014-11-14,327.69
2014-11-13,316.48
2014-11-12,311.43
2014-11-11,312.03
2014-11-10,305.08
2014-11-07,299.86
2014-11-06,296.64
2014-11-05,296.52
2014-11-04,302.81
2014-11-03,305.72
2014-10-31,305.46
2014-10-30,299.07
2014-10-29,294.12
2014-10-28,295.59
2014-10-27,289.98
2014-10-24,287.06
2014-10-23,313.18
2014-10-22,312.97
2014-10-21,315.34
2014-10-20,306.21
2014-10-17,303.63
2014-10-16,302.88
2014-10-15,305.97
2014-10-14,308.53
2014-10-13,306.45
2014-10-10,311.4
2014-10-09,315.37
2014-10-08,322.7
2014-10-07,316.9
2014-10-06,322.2
2014-10-03,322.71
2014-10-02,318.41
2014-10-01,317.535
2014-09-30,322.44
2014-09-29,321.82
2014-09-26,323.21
2014-09-25,321.93
2014-09-24,328.21
2014-09-23,323.63
2014-09-22,324.51
2014-09-19,331.32
2014-09-18,325.0
2014-09-17,323.99
2014-09-16,327.76
2014-09-15,323.89
2014-09-12,331.2
2014-09-11,330.45
2014-09-10,331.33
2014-09-09,329.75
2014-09-08,342.34
2014-09-05,346.39
2014-09-04,345.95
2014-09-03,339.0
2014-09-02,340.56
2014-08-29,338.505
2014-08-28,340.02
2014-08-27,343.18
2014-08-26,341.91
2014-08-25,334.11
2014-08-22,331.51
2014-08-21,332.44
2014-08-20,336.347
2014-08-19,335.305
2014-08-18,334.53
2014-08-15,332.53
2014-08-14,333.2
2014-08-13,326.31
2014-08-12,319.34
2014-08-11,318.32
2014-08-08,316.8
2014-08-07,310.25
2014-08-06,313.66
2014-08-05,312.129
2014-08-04,313.65
2014-08-01,307.06
2014-07-31,313.0
2014-07-30,322.1
2014-07-29,320.19
2014-07-28,320.41
2014-07-25,322.67
2014-07-24,359.94
2014-07-23,358.14
2014-07-22,360.77
2014-07-21,359.76
2014-07-18,358.66
2014-07-17,352.08
2014-07-16,355.97
2014-07-15,354.125
2014-07-14,355.32
2014-07-11,346.2
2014-07-10,327.92
2014-07-09,329.92
2014-07-08,323.81
2014-07-07,333.55
2014-07-03,337.492
2014-07-02,332.85
2014-07-01,332.39
2014-06-30,324.79
2014-06-27,324.57
2014-06-26,325.69
2014-06-25,327.44
2014-06-24,328.5
2014-06-23,327.24
2014-06-20,324.2
2014-06-19,327.0
2014-06-18,334.38
2014-06-17,325.62
2014-06-16,327.62
2014-06-13,326.27
2014-06-12,325.91
2014-06-11,336.84
2014-06-10,332.41
2014-06-09,327.5
2014-06-06,329.67
2014-06-05,323.66
2014-06-04,306.78
2014-06-03,307.19
2014-06-02,308.84
2014-05-30,312.43
2014-05-29,313.78
2014-05-28,310.16
2014-05-27,310.83
2014-05-23,312.24
2014-05-22,304.91
2014-05-21,305.01
2014-05-20,301.11
2014-05-19,296.755
2014-05-16,297.7
2014-05-15,295.19
2014-05-14,297.62
2014-05-13,304.64
2014-05-12,302.86
2014-05-09,292.24
2014-05-08,288.32
2014-05-07,292.71
2014-05-06,297.29
2014-05-05,310.05
2014-05-02,308.01
2014-05-01,307.89
2014-04-30,304.13
2014-04-29,300.38
2014-04-28,296.58
2014-04-25,303.6
2014-04-24,337.0
2014-04-23,324.58
2014-04-22,329.32
2014-04-21,330.9
2014-04-17,324.91
2014-04-16,323.68
2014-04-15,316.08
2014-04-14,315.91
2014-04-11,311.73
2014-04-10,317.11
2014-04-09,331.805
2014-04-08,327.07
2014-04-07,317.76
2014-04-04,323.0
2014-04-03,333.62
2014-04-02,341.96
2014-04-01,342.99
2014-03-31,336.365
2014-03-28,338.29
2014-03-27,338.47
2014-03-26,343.41
2014-03-25,354.71
2014-03-24,351.85
2014-03-21,360.62
2014-03-20,368.97
2014-03-19,373.23
2014-03-18,378.77
2014-03-17,375.04
2014-03-14,373.74
2014-03-13,371.51
2014-03-12,370.64
2014-03-11,368.83
2014-03-10,370.53
2014-03-07,372.06
2014-03-06,372.16
2014-03-05,372.37
2014-03-04,363.9
2014-03-03,359.78
2014-02-28,362.1
2014-02-27,360.13
2014-02-26,359.8
2014-02-25,358.32
2014-02-24,351.78
2014-02-21,346.76
2014-02-20,349.8
2014-02-19,347.38
2014-02-18,353.65
2014-02-14,357.35
2014-02-13,357.2
2014-02-12,349.25
2014-02-11,361.79
2014-02-10,360.87
2014-02-07,361.08
2014-02-06,354.59
2014-02-05,346.45
2014-02-04,347.95
2014-02-03,346.15
2014-01-30,403.01
2014-01-29,384.2
2014-01-28,394.43
2014-01-27,386.28
2014-01-24,387.6
2014-01-23,399.87
2014-01-22,404.54
2014-01-21,407.05
2014-01-17,399.61
2014-01-16,395.8
2014-01-15,395.87
2014-01-14,397.54
2014-01-13,390.98
2014-01-10,397.66
2014-01-09,401.01
2014-01-08,401.92
2014-01-07,398.03
2014-01-06,393.63
2014-01-03,396.44
2014-01-02,397.97
2013-12-31,398.79
2013-12-30,393.37
2013-12-27,398.08
2013-12-26,404.39
2013-12-24,399.2
2013-12-23,402.92
2013-12-20,402.2
2013-12-19,395.19
2013-12-18,395.96
2013-12-17,387.65
2013-12-16,388.97
2013-12-13,384.24
2013-12-12,381.25
2013-12-11,382.19
2013-12-10,387.78
2013-12-09,384.89
2013-12-06,386.95
2013-12-05,384.49
2013-12-04,385.96
2013-12-03,384.66
2013-12-02,392.3
2013-11-29,393.62
2013-11-26,381.37
2013-11-25,376.64
2013-11-22,372.31
2013-11-21,368.92
2013-11-20,362.57
2013-11-19,364.94
2013-11-18,366.18
2013-11-15,369.17
2013-11-14,367.396
2013-11-13,356.22
2013-11-12,349.53
2013-11-11,354.378
2013-11-08,350.31
2013-11-07,343.56
2013-11-06,356.18
2013-11-05,358.892
2013-11-04,358.74
2013-11-01,359.002
2013-10-31,364.03
2013-10-30,361.08
2013-10-29,362.7
2013-10-28,358.16
2013-10-25,363.39
2013-10-24,332.21
2013-10-23,326.756
2013-10-22,332.54
2013-10-21,326.44
2013-10-18,328.931
2013-10-17,310.77
2013-10-16,310.49
2013-10-15,306.4
2013-10-14,310.7
2013-10-11,310.889
2013-10-10,305.174
2013-10-09,298.23
2013-10-08,303.23
2013-10-07,310.03
2013-10-04,319.04
2013-10-03,314.76
2013-10-02,320.51
2013-10-01,320.95
2013-09-30,312.64
2013-09-27,316.01
2013-09-26,318.12
2013-09-25,312.65
2013-09-24,314.13
2013-09-23,311.49
2013-09-20,316.34
2013-09-19,312.06
2013-09-18,312.034
2013-09-17,304.17
2013-09-16,296.06
2013-09-13,297.92
2013-09-12,298.86
2013-09-11,299.64
2013-09-10,300.36
2013-09-09,299.71
2013-09-06,295.86
2013-09-05,294.1
2013-09-04,293.64
2013-09-03,288.8
2013-08-30,280.98
2013-08-29,283.98
2013-08-28,281.58
2013-08-27,280.93
2013-08-26,286.21
2013-08-23,290.01
2013-08-22,289.73
2013-08-21,284.57
2013-08-20,287.09
2013-08-19,285.57
2013-08-16,284.82
2013-08-15,286.47
2013-08-14,291.34
2013-08-13,293.97
2013-08-12,296.69
2013-08-09,297.26
2013-08-08,295.74
2013-08-07,296.91
2013-08-06,300.75
2013-08-05,300.99
2013-08-02,304.21
2013-08-01,305.57
2013-07-31,301.22
2013-07-30,302.41
2013-07-29,306.1
2013-07-26,312.01
2013-07-25,303.4
2013-07-24,298.94
2013-07-23,301.06
2013-07-22,303.48
2013-07-19,305.23
2013-07-18,304.11
2013-07-17,308.69
2013-07-16,306.87
2013-07-15,306.57
2013-07-12,307.55
2013-07-11,299.66
2013-07-10,292.33
2013-07-09,291.53
2013-07-08,290.59
2013-07-05,285.88
2013-07-03,284.03
2013-07-02,283.72
2013-07-01,282.1
2013-06-28,277.69
2013-06-27,277.55
2013-06-26,277.57
2013-06-25,272.088
2013-06-24,270.61
2013-06-21,273.36
2013-06-20,273.44
2013-06-19,278.16
2013-06-18,279.25
2013-06-17,278.06
2013-06-14,273.99
2013-06-13,275.79
2013-06-12,271.67
2013-06-11,274.78
2013-06-10,281.07
2013-06-07,276.87
2013-06-06,267.83
2013-06-05,267.17
2013-06-04,265.7
2013-06-03,266.88
2013-05-31,269.2
2013-05-30,266.83
2013-05-29,265.53
2013-05-28,267.29
2013-05-24,261.74
2013-05-23,261.8
2013-05-22,262.96
2013-05-21,268.86
2013-05-20,267.63
2013-05-17,269.9
2013-05-16,264.12
2013-05-15,266.56
2013-05-14,268.33
2013-05-13,264.51
2013-05-10,263.63
2013-05-09,260.16
2013-05-08,258.68
2013-05-07,257.73
2013-05-06,255.72
2013-05-03,258.05
2013-05-02,252.55
2013-05-01,248.23
2013-04-30,253.81
2013-04-29,249.74
2013-04-26,254.81
2013-04-25,280.01
2013-04-24,268.78
2013-04-23,268.9
2013-04-22,263.55
2013-04-19,260.32
2013-04-18,259.42
2013-04-17,267.4
2013-04-16,272.34
2013-04-15,267.72
2013-04-12,272.87
2013-04-11,269.85
2013-04-10,264.77
2013-04-09,261.14
2013-04-08,258.95
2013-04-05,255.48
2013-04-04,259.08
2013-04-03,259.03
2013-04-02,263.322
2013-04-01,261.61
2013-03-28,266.49
2013-03-27,265.3
2013-03-26,260.31
2013-03-25,256.02
2013-03-22,257.75
2013-03-21,253.39
2013-03-20,257.278
2013-03-19,256.41
2013-03-18,257.89
2013-03-15,261.82
2013-03-14,265.74
2013-03-13,275.1
2013-03-12,274.13
2013-03-11,271.24
2013-03-08,274.19
2013-03-07,273.88
2013-03-06,273.79
2013-03-05,275.59
2013-03-04,273.11
2013-03-01,265.74
2013-02-28,264.27
2013-02-27,263.25
2013-02-26,259.36
2013-02-25,259.87
2013-02-22,265.42
2013-02-21,265.94
2013-02-20,266.41
2013-02-19,269.75
2013-02-15,265.09
2013-02-14,269.24
2013-02-13,269.47
2013-02-12,258.7
2013-02-11,257.21
2013-02-08,261.95
2013-02-07,260.23
2013-02-06,262.22
2013-02-05,266.89
2013-02-04,259.98
2013-02-01,265.0
2013-01-31,265.5
2013-01-30,272.764
2013-01-29,260.35
2013-01-28,276.04
2013-01-25,283.99
2013-01-24,273.62
2013-01-23,268.11
2013-01-22,270.19
2013-01-18,272.12
2013-01-17,270.48
2013-01-16,268.93
2013-01-15,271.9
2013-01-14,272.73
2013-01-11,267.93
2013-01-10,265.35
2013-01-09,266.35
2013-01-08,266.38
2013-01-07,268.4592
2013-01-04,259.13
2013-01-03,258.48
2013-01-02,257.31
2012-12-31,250.87
2012-12-28,245.21
2012-12-27,248.222
2012-12-26,248.6314
2012-12-24,258.62
2012-12-21,256.92
2012-12-20,261.5
2012-12-19,258.08
2012-12-18,260.4
2012-12-17,253.86
2012-12-14,249.21
2012-12-13,251.25
2012-12-12,251.74
2012-12-11,250.69
2012-12-10,247.75
2012-12-07,253.2681
2012-12-06,253.396
2012-12-05,253.96
2012-12-04,252.4881
2012-12-03,250.3291
2012-11-30,251.9904
2012-11-29,251.28
2012-11-28,246.96
2012-11-27,243.4017
2012-11-26,243.62
2012-11-23,239.89
2012-11-21,238.07
2012-11-20,233.78
2012-11-19,229.71
2012-11-16,225.59
2012-11-15,220.599
2012-11-14,222.95
2012-11-13,226.6
2012-11-12,226.47
2012-11-09,226.15
2012-11-08,227.35
2012-11-07,232.0608
2012-11-06,237.56
2012-11-05,234.1819
2012-11-02,232.4224
2012-11-01,232.14
2012-10-31,232.8931
2012-10-26,238.24
2012-10-25,222.92
2012-10-24,228.49
2012-10-23,234.31
2012-10-22,233.78
2012-10-19,239.88
2012-10-18,244.85
2012-10-17,247.49
2012-10-16,243.94
2012-10-15,244.18
2012-10-12,242.36
2012-10-11,244.22
2012-10-10,244.99
2012-10-09,250.96
2012-10-08,259.12
2012-10-05,258.4
2012-10-04,260.47
2012-10-03,255.92
2012-10-02,250.6
2012-10-01,252.01
2012-09-28,254.32
2012-09-27,256.59
2012-09-26,249.67
2012-09-25,252.46
2012-09-24,254.805
2012-09-21,257.47
2012-09-20,260.8
2012-09-19,261.68
2012-09-18,258.75
2012-09-17,258.0
2012-09-14,261.27
2012-09-13,260.24
2012-09-12,255.63
2012-09-11,255.76
2012-09-10,257.09
2012-09-07,259.14
2012-09-06,251.38
2012-09-05,246.22
2012-09-04,247.84
2012-08-31,248.27
2012-08-30,246.22
2012-08-29,247.12
2012-08-28,246.11
2012-08-27,243.92
2012-08-24,245.74
2012-08-23,241.198
2012-08-22,243.1
2012-08-21,239.55
2012-08-20,240.34
2012-08-17,241.17
2012-08-16,241.55
2012-08-15,237.42
2012-08-14,233.28
2012-08-13,232.44
2012-08-10,232.75
2012-08-09,234.06
2012-08-08,234.38
2012-08-07,236.56
2012-08-06,233.99
2012-08-03,234.97
2012-08-02,230.81
2012-08-01,232.09
2012-07-31,233.3
2012-07-30,236.09
2012-07-27,237.32
2012-07-26,220.01
2012-07-25,217.05
2012-07-24,223.04
2012-07-23,226.01
2012-07-20,228.29
2012-07-19,226.17
2012-07-18,217.47
2012-07-17,216.93
2012-07-16,216.01
2012-07-13,218.39
2012-07-12,215.36
2012-07-11,218.37
2012-07-10,219.5
2012-07-09,225.05
2012-07-06,225.05
2012-07-05,227.06
2012-07-03,229.53
2012-07-02,229.32
2012-06-29,228.35
2012-06-28,221.31
2012-06-27,225.62
2012-06-26,225.61
2012-06-25,220.07
2012-06-22,222.16
2012-06-21,220.52
2012-06-20,223.02
2012-06-19,224.03
2012-06-18,222.66
2012-06-15,218.35
2012-06-14,214.45
2012-06-13,214.73
2012-06-12,216.42
2012-06-11,216.5
2012-06-08,218.48
2012-06-07,218.8
2012-06-06,217.64
2012-06-05,213.21
2012-06-04,214.57
2012-06-01,208.22
2012-05-31,212.91
2012-05-30,209.23
2012-05-29,214.75
2012-05-25,212.89
2012-05-24,215.24
2012-05-23,217.28
2012-05-22,215.33
2012-05-21,218.11
2012-05-18,213.85
2012-05-17,218.36
2012-05-16,224.06
2012-05-15,224.39
2012-05-14,222.93
2012-05-11,227.68
2012-05-10,226.69
2012-05-09,222.98
2012-05-08,223.9
2012-05-07,225.16
2012-05-04,223.99
2012-05-03,229.45
2012-05-02,230.25
2012-05-01,230.04
2012-04-30,231.9
2012-04-27,226.85
2012-04-26,195.99
2012-04-25,194.42
2012-04-24,190.33
2012-04-23,188.24
2012-04-20,189.98
2012-04-19,191.1
2012-04-18,191.07
2012-04-17,188.39
2012-04-16,185.611
2012-04-13,188.46
2012-04-12,190.69
2012-04-11,187.97
2012-04-10,186.98
2012-04-09,191.87
2012-04-05,194.39
2012-04-04,193.99
2012-04-03,199.66
2012-04-02,198.055
2012-03-30,202.51
2012-03-29,204.61
2012-03-28,201.16
2012-03-27,205.44
2012-03-26,202.87
2012-03-23,195.04
2012-03-22,192.3
2012-03-21,191.73
2012-03-20,192.33
2012-03-19,185.52
2012-03-16,185.0475
2012-03-15,184.43
2012-03-14,182.26
2012-03-13,184.59
2012-03-12,183.39
2012-03-09,184.32
2012-03-08,187.64
2012-03-07,183.77
2012-03-06,181.09
2012-03-05,180.26
2012-03-02,179.3
2012-03-01,180.04
2012-02-29,179.69
2012-02-28,183.8
2012-02-27,178.53
2012-02-24,179.13
2012-02-23,178.89
2012-02-22,180.58
2012-02-21,182.26
2012-02-17,182.5
2012-02-16,179.93
2012-02-15,184.47
2012-02-14,191.3
2012-02-13,191.59
2012-02-10,185.54
2012-02-09,184.98
2012-02-08,185.48
2012-02-07,184.19
2012-02-06,183.14
2012-02-03,187.68
2012-02-02,181.72
2012-02-01,179.46
2012-01-31,194.44
2012-01-30,192.15
2012-01-27,195.37
2012-01-26,193.38
2012-01-25,187.8
2012-01-24,187.0
2012-01-23,186.09
2012-01-20,190.93
2012-01-19,194.45
2012-01-18,189.44
2012-01-17,181.66
2012-01-13,178.41993
2012-01-12,175.92999
2012-01-11,178.89999
2012-01-10,179.34
2012-01-09,178.56
2012-01-06,182.61
2012-01-05,177.61
2012-01-04,177.51
2012-01-03,179.03
2011-12-30,173.1
2011-12-29,173.86
2011-12-28,173.89
2011-12-27,176.27
2011-12-23,177.28
2011-12-22,178.99
2011-12-21,174.35
2011-12-20,182.52
2011-12-19,179.33
2011-12-16,181.26
2011-12-15,181.26
2011-12-14,180.21
2011-12-13,180.51
2011-12-12,189.52
2011-12-09,193.03
2011-12-08,190.48
2011-12-07,195.31965
2011-12-06,191.99
2011-12-05,196.24
2011-12-02,196.03
2011-12-01,197.13
2011-11-30,192.29
2011-11-29,188.39
2011-11-28,194.15
2011-11-25,182.41
2011-11-23,188.99
2011-11-22,192.31
2011-11-21,189.25
2011-11-18,197.14
2011-11-17,204.52
2011-11-16,211.99
2011-11-15,217.83
2011-11-14,218.93
2011-11-11,217.39
2011-11-10,210.79
2011-11-09,211.22
2011-11-08,217.99
2011-11-07,217.0
2011-11-04,216.48
2011-11-03,218.28999
2011-11-02,215.62
2011-11-01,212.105
2011-10-31,213.51
2011-10-28,217.32
2011-10-27,206.63
2011-10-26,204.8392
2011-10-25,195.02
2011-10-24,237.61
2011-10-21,234.78
2011-10-20,233.61
2011-10-19,231.53
2011-10-18,243.88
2011-10-17,242.33
2011-10-14,246.71
2011-10-13,236.15
2011-10-12,236.81
2011-10-11,229.5
2011-10-10,231.32
2011-10-07,224.74
2011-10-06,221.51
2011-10-05,219.49814
2011-10-04,212.5
2011-10-03,211.98
2011-09-30,216.23
2011-09-29,222.44
2011-09-28,229.71
2011-09-27,224.21
2011-09-26,229.85
2011-09-23,223.61
2011-09-22,223.23
2011-09-21,231.87
2011-09-20,233.25
2011-09-19,241.69
2011-09-16,239.303
2011-09-15,226.85
2011-09-14,222.59
2011-09-13,219.53
2011-09-12,216.5
2011-09-09,211.39
2011-09-08,217.261
2011-09-07,219.9
2011-09-06,216.18
2011-09-02,210.0
2011-09-01,212.54
2011-08-31,215.2685
2011-08-30,210.92
2011-08-29,206.53
2011-08-26,199.27
2011-08-25,192.03
2011-08-24,193.73
2011-08-23,193.55
2011-08-22,177.54
2011-08-19,178.93
2011-08-18,182.52
2011-08-17,195.93
2011-08-16,197.68
2011-08-15,202.95
2011-08-12,202.3
2011-08-11,198.36
2011-08-10,194.13
2011-08-09,204.93
2011-08-08,193.7
2011-08-05,202.7
2011-08-04,201.48
2011-08-03,209.96
2011-08-02,211.7
2011-08-01,221.32
2011-07-29,222.52
2011-07-28,223.9
2011-07-27,222.36
2011-07-26,214.18
2011-07-25,213.49
2011-07-22,216.52
2011-07-21,213.21
2011-07-20,215.55
2011-07-19,218.06
2011-07-18,211.53
2011-07-15,212.87
2011-07-14,210.38
2011-07-13,213.5
2011-07-12,211.23
2011-07-11,212.55
2011-07-08,218.28
2011-07-07,216.74
2011-07-06,214.19
2011-07-05,213.1909
2011-07-01,209.49
2011-06-30,204.49
2011-06-29,204.18
2011-06-28,202.35
2011-06-27,201.25
2011-06-24,192.4493
2011-06-23,194.16
2011-06-22,191.63
2011-06-21,194.23
2011-06-20,187.72
2011-06-17,186.43
2011-06-16,183.65
2011-06-15,185.98
2011-06-14,189.96
2011-06-13,186.29
2011-06-10,186.53
2011-06-09,189.6
2011-06-08,188.05
2011-06-07,187.55
2011-06-06,185.69
2011-06-03,188.32
2011-06-02,193.65
2011-06-01,192.38
2011-05-31,196.69
2011-05-27,194.13
2011-05-26,195.0
2011-05-25,192.26
2011-05-24,193.41
2011-05-23,196.22
2011-05-20,198.59
2011-05-19,198.805
2011-05-18,197.09
2011-05-17,194.81
2011-05-16,192.51
2011-05-13,202.56
2011-05-12,206.07
2011-05-11,204.38
2011-05-10,203.94
2011-05-09,200.8
2011-05-06,197.6
2011-05-05,197.11
2011-05-04,199.92
2011-05-03,198.45
2011-05-02,201.19
2011-04-29,196.5
2011-04-28,195.07
2011-04-27,196.63
2011-04-26,182.3
2011-04-25,185.42
2011-04-21,185.89
2011-04-20,183.87
2011-04-19,178.82
2011-04-18,178.34
2011-04-15,180.01
2011-04-14,181.82
2011-04-13,182.29
2011-04-12,180.48
2011-04-11,184.04
2011-04-08,184.71
2011-04-07,184.91
2011-04-06,182.76
2011-04-05,185.29
2011-04-04,182.94
2011-04-01,180.13
2011-03-31,180.13
2011-03-30,179.42
2011-03-29,174.62
2011-03-28,169.35
2011-03-25,170.98
2011-03-24,171.06
2011-03-23,165.32
2011-03-22,162.6
2011-03-21,164.53
2011-03-18,161.8221
2011-03-17,160.97
2011-03-16,164.7
2011-03-15,165.08
2011-03-14,166.73
2011-03-11,168.07
2011-03-10,166.14
2011-03-09,169.05
2011-03-08,166.89
2011-03-07,169.08
2011-03-04,171.61
2011-03-03,172.79
2011-03-02,172.02
2011-03-01,169.44
2011-02-28,173.29
2011-02-25,177.24
2011-02-24,177.75
2011-02-23,176.68
2011-02-22,180.42
2011-02-18,186.5
2011-02-17,187.76
2011-02-16,186.62
2011-02-15,189.03
2011-02-14,190.42
2011-02-11,189.25
2011-02-10,186.21
2011-02-09,185.3
2011-02-08,183.06
2011-02-07,176.43
2011-02-04,175.93
2011-02-03,173.71
2011-02-02,173.53
2011-02-01,172.11
2011-01-31,169.64
2011-01-28,171.14
2011-01-27,184.45
2011-01-26,175.39
2011-01-25,176.7
2011-01-24,176.85
2011-01-21,181.2
2011-01-20,181.96
2011-01-19,186.87
2011-01-18,191.25
2011-01-14,188.75
2011-01-13,185.53
2011-01-12,184.08
2011-01-11,184.34
2011-01-10,184.68
2011-01-07,185.49
2011-01-06,185.86
2011-01-05,187.42
2011-01-04,185.01
2011-01-03,184.22
2010-12-30,182.75
2010-12-29,183.37
2010-12-28,181.09
2010-12-27,182.14
2010-12-23,182.59
2010-12-22,184.76
2010-12-21,184.75
2010-12-20,183.29
2010-12-17,177.58
2010-12-16,178.04
2010-12-15,175.57
2010-12-14,173.94
2010-12-13,174.25
2010-12-10,175.62
2010-12-09,174.85
2010-12-08,176.29
2010-12-07,176.77
2010-12-06,178.05
2010-12-03,175.68
2010-12-02,176.53
2010-12-01,176.55
2010-11-30,175.4
2010-11-29,179.49
2010-11-26,177.2
2010-11-24,177.25
2010-11-23,168.2
2010-11-22,170.39
2010-11-19,164.82
2010-11-18,164.17
2010-11-17,158.35
2010-11-16,157.78
2010-11-15,158.9
2010-11-12,165.68
2010-11-11,170.37
2010-11-10,173.33
2010-11-09,170.27
2010-11-08,171.99
2010-11-05,170.77
2010-11-04,168.93
2010-11-03,168.47
2010-11-02,164.61
2010-11-01,162.58
2010-10-29,165.23
2010-10-28,166.84
2010-10-27,167.51
2010-10-26,169.95
2010-10-25,169.0
2010-10-22,169.13
2010-10-21,164.97
2010-10-20,158.67
2010-10-19,158.67
2010-10-18,163.56
2010-10-15,164.64
2010-10-14,155.53
2010-10-13,155.17
2010-10-12,156.48
2010-10-11,153.03
2010-10-08,155.55
2010-10-07,156.27
2010-10-06,155.4
2010-10-05,160.87
2010-10-04,155.39
2010-10-01,153.71
2010-09-30,157.0567
2010-09-29,158.99
2010-09-28,159.7
2010-09-27,159.37
2010-09-24,160.73
2010-09-23,152.85
2010-09-22,151.83
2010-09-21,150.73
2010-09-20,151.3048
2010-09-17,148.325
2010-09-16,148.13
2010-09-15,145.45
2010-09-14,145.75
2010-09-13,145.07
2010-09-10,142.44
2010-09-09,140.38
2010-09-08,139.14
2010-09-07,137.22
2010-09-03,138.79
2010-09-02,135.21
2010-09-01,132.49
2010-08-31,124.83
2010-08-30,123.79
2010-08-27,126.64
2010-08-26,124.86
2010-08-25,126.85
2010-08-24,124.53
2010-08-23,126.6
2010-08-20,127.76
2010-08-19,127.57
2010-08-18,129.65
2010-08-17,128.86
2010-08-16,126.07
2010-08-13,124.69
2010-08-12,126.56
2010-08-11,125.89
2010-08-10,130.0
2010-08-09,128.83
2010-08-06,128.32
2010-08-05,127.83
2010-08-04,127.58
2010-08-03,122.42
2010-08-02,120.07
2010-07-30,117.89
2010-07-29,116.86
2010-07-28,117.13
2010-07-27,117.13
2010-07-26,118.4
2010-07-23,118.87
2010-07-22,120.07
2010-07-21,117.45
2010-07-20,120.1
2010-07-19,119.94
2010-07-16,118.42
2010-07-15,122.06
2010-07-14,123.3
2010-07-13,123.66
2010-07-12,119.51
2010-07-09,117.26
2010-07-08,116.22
2010-07-07,113.44
2010-07-06,110.06
2010-07-02,109.14
2010-07-01,110.96
2010-06-30,109.2613
2010-06-29,108.61
2010-06-28,117.8
2010-06-25,121.13
2010-06-24,118.33
2010-06-23,121.45
2010-06-22,122.31
2010-06-21,122.55
2010-06-18,125.8326
2010-06-17,125.89
2010-06-16,126.9
2010-06-15,126.8
2010-06-14,123.83
2010-06-11,123.03
2010-06-10,123.13
2010-06-09,117.91
2010-06-08,118.835
2010-06-07,122.01
2010-06-04,122.71
2010-06-03,127.64
2010-06-02,126.311
2010-06-01,123.24
2010-05-28,125.46
2010-05-27,126.7
2010-05-26,123.28
2010-05-25,124.86
2010-05-24,122.12
2010-05-21,122.55
2010-05-20,119.49
2010-05-19,124.59
2010-05-18,126.28
2010-05-17,128.91
2010-05-14,128.58
2010-05-13,131.47
2010-05-12,133.87
2010-05-11,130.46
2010-05-10,131.29
2010-05-07,124.98
2010-05-06,128.71
2010-05-05,130.93
2010-05-04,129.83
2010-05-03,137.49
2010-04-30,137.06
2010-04-29,141.7385
2010-04-28,139.348
2010-04-27,142.02
2010-04-26,147.11
2010-04-23,143.63
2010-04-22,147.99
2010-04-21,146.43
2010-04-20,144.2
2010-04-19,142.46
2010-04-16,142.23
2010-04-15,145.82
2010-04-14,144.1
2010-04-13,140.16
2010-04-12,141.2
2010-04-09,140.06
2010-04-08,140.77
2010-04-07,134.87
2010-04-06,135.56
2010-04-05,131.49
2010-04-01,131.81
2010-03-31,135.73
2010-03-30,136.55
2010-03-29,135.12
2010-03-26,135.06
2010-03-25,134.73
2010-03-24,128.04
2010-03-23,129.26
2010-03-22,129.93
2010-03-19,130.4978
2010-03-18,132.76
2010-03-17,131.41
2010-03-16,131.79
2010-03-15,131.13
2010-03-12,132.37
2010-03-11,133.58
2010-03-10,130.51
2010-03-09,128.82
2010-03-08,130.11
2010-03-05,128.91
2010-03-04,128.53
2010-03-03,125.89
2010-03-02,125.53
2010-03-01,120.0219
2010-02-26,118.402
2010-02-25,118.2
2010-02-24,119.66
2010-02-23,117.24
2010-02-22,118.01
2010-02-19,117.52
2010-02-18,118.08
2010-02-17,116.31
2010-02-16,117.53
2010-02-12,119.66
2010-02-11,118.31
2010-02-10,117.36
2010-02-09,118.03
2010-02-08,116.83
2010-02-05,117.3927
2010-02-04,116.0
2010-02-03,119.1
2010-02-02,118.12
2010-02-01,118.87
2010-01-29,125.41
2010-01-28,125.67
2010-01-27,122.75
2010-01-26,119.48
2010-01-25,120.36
2010-01-22,121.43
2010-01-21,126.62
2010-01-20,125.78
2010-01-19,127.61
2010-01-15,127.14
2010-01-14,127.35
2010-01-13,129.11
2010-01-12,127.35
2010-01-11,130.31
2010-01-08,133.52
2010-01-07,130.0
2010-01-06,132.25
2010-01-05,134.69
2010-01-04,133.9
2009-12-31,134.52
2009-12-30,136.5
2009-12-29,139.41
2009-12-28,139.29
2009-12-24,138.47
2009-12-23,138.92
2009-12-22,133.75
2009-12-21,132.79
2009-12-18,128.36
2009-12-17,126.91
2009-12-16,128.36
2009-12-15,130.19
2009-12-14,131.38
2009-12-11,134.15
2009-12-10,135.38
2009-12-09,131.31
2009-12-08,134.24
2009-12-07,134.26
2009-12-04,137.58
2009-12-03,141.17
2009-12-02,142.25
2009-12-01,138.5
2009-11-30,135.91
2009-11-27,131.74
2009-11-25,134.03
2009-11-24,132.94
2009-11-23,133.0
2009-11-20,129.66
2009-11-19,128.99
2009-11-18,131.29
2009-11-17,131.25
2009-11-16,131.59
2009-11-13,132.97
2009-11-12,130.53
2009-11-11,129.91
2009-11-10,130.15
2009-11-09,126.67
2009-11-06,126.2
2009-11-05,120.61
2009-11-04,117.1
2009-11-03,118.37
2009-11-02,118.84
2009-10-30,118.81
2009-10-29,122.6
2009-10-28,121.64
2009-10-27,122.07
2009-10-26,124.58
2009-10-23,118.49
2009-10-22,93.45
2009-10-21,93.4238
2009-10-20,94.98
2009-10-19,94.68
2009-10-16,95.32
2009-10-15,96.18
2009-10-14,97.46
2009-10-13,94.83
2009-10-12,93.6
2009-10-09,95.71
2009-10-08,95.22
2009-10-07,93.97
2009-10-06,90.91
2009-10-05,88.67
2009-10-02,89.85
2009-10-01,91.0
2009-09-30,91.72
2009-09-29,91.72
2009-09-28,92.21
2009-09-25,91.45
2009-09-24,92.11
2009-09-23,92.38
2009-09-22,93.75
2009-09-21,90.56
2009-09-18,90.28
2009-09-17,90.44
2009-09-16,90.7005
2009-09-15,83.53
2009-09-14,83.86
2009-09-11,84.54
2009-09-10,83.85
2009-09-09,82.24
2009-09-08,80.8954
2009-09-04,78.87
2009-09-03,78.46
2009-09-02,78.08
2009-09-01,79.23
2009-08-31,81.1927
2009-08-28,82.76
2009-08-27,84.31
2009-08-26,84.0
2009-08-25,84.19
2009-08-24,84.5
2009-08-21,84.9
2009-08-20,84.09
2009-08-19,83.0
2009-08-18,82.12
2009-08-17,81.06
2009-08-14,83.58
2009-08-13,84.6
2009-08-12,86.25
2009-08-11,83.56
2009-08-10,84.44
2009-08-07,85.33
2009-08-06,84.4714
2009-08-05,84.29
2009-08-04,85.8
2009-08-03,87.44
2009-07-31,85.7626
2009-07-30,86.09
2009-07-29,84.34
2009-07-28,84.98
2009-07-27,84.24
2009-07-24,86.49
2009-07-23,93.85
2009-07-22,88.79
2009-07-21,89.0076
2009-07-20,88.23
2009-07-17,85.85
2009-07-16,86.11
2009-07-15,84.55
2009-07-14,81.95
2009-07-13,81.47
2009-07-10,77.63
2009-07-09,78.1
2009-07-08,77.36
2009-07-07,75.63
2009-07-06,78.1
2009-07-02,79.32
2009-07-01,81.6
2009-06-30,83.03
2009-06-29,83.03
2009-06-26,83.8456
2009-06-25,82.1958
2009-06-24,79.27
2009-06-23,77.68
2009-06-22,79.15
2009-06-19,82.96
2009-06-18,81.64
2009-06-17,82.6507
2009-06-16,82.15
2009-06-15,83.18
2009-06-12,84.08
2009-06-11,85.69
2009-06-10,86.59
2009-06-09,87.08
2009-06-08,86.36
2009-06-05,87.56
2009-06-04,85.52
2009-06-03,85.68
2009-06-02,84.93
2009-06-01,83.05
2009-05-29,77.99
2009-05-28,77.65
2009-05-27,77.1
2009-05-26,78.39
2009-05-22,75.64
2009-05-21,75.96
2009-05-20,77.97
2009-05-19,77.87
2009-05-18,75.2
2009-05-15,73.6
2009-05-14,75.11
2009-05-13,74.19
2009-05-12,77.93
2009-05-11,78.61
2009-05-08,77.95
2009-05-07,79.28
2009-05-06,81.99
2009-05-05,81.9
2009-05-04,79.77
2009-05-01,79.05
2009-04-30,80.52
2009-04-29,79.79
2009-04-28,82.4
2009-04-27,83.12
2009-04-24,84.46
2009-04-23,80.61
2009-04-22,79.2
2009-04-21,78.74
2009-04-20,77.57
2009-04-17,78.05
2009-04-16,77.25
2009-04-15,74.71
2009-04-14,77.22
2009-04-13,78.94
2009-04-09,79.77
2009-04-08,76.98
2009-04-07,75.51
2009-04-06,77.99
2009-04-03,78.17
2009-04-02,76.34
2009-04-01,73.5
2009-03-31,73.44
2009-03-30,71.44
2009-03-27,70.52
2009-03-26,73.69
2009-03-25,72.41
2009-03-24,72.63
2009-03-23,75.58
2009-03-20,69.96
2009-03-19,70.1
2009-03-18,71.25
2009-03-17,71.35
2009-03-16,66.98
2009-03-13,68.63
2009-03-12,69.58
2009-03-11,68.54
2009-03-10,63.99
2009-03-09,60.49
2009-03-06,61.69
2009-03-05,64.77
2009-03-04,64.81
2009-03-03,61.7
2009-03-02,62.6
2009-02-27,64.79
2009-02-26,62.34
2009-02-25,63.71
2009-02-24,65.6
2009-02-23,61.71
2009-02-20,63.86
2009-02-19,61.95
2009-02-18,62.35
2009-02-17,61.67
2009-02-13,63.26
2009-02-12,63.96
2009-02-11,64.354
2009-02-10,63.59
2009-02-09,66.71
2009-02-06,66.55
2009-02-05,63.18
2009-02-04,61.06
2009-02-03,63.59
2009-02-02,61.15
2009-01-30,58.82
2009-01-29,50.0
2009-01-28,50.36
2009-01-27,48.44
2009-01-26,49.63
2009-01-23,50.63
2009-01-22,48.74
2009-01-21,50.54
2009-01-20,48.44
2009-01-16,51.59
2009-01-15,51.44
2009-01-14,48.49
2009-01-13,51.45
2009-01-12,51.92
2009-01-09,55.51
2009-01-08,57.16
2009-01-07,56.2
2009-01-06,57.36
2009-01-05,54.06
2009-01-02,54.36
2008-12-31,51.28
2008-12-30,50.76
2008-12-29,49.4
2008-12-26,51.78
2008-12-24,51.44
2008-12-23,51.08
2008-12-22,49.84
2008-12-19,51.56
2008-12-18,52.08
2008-12-17,53.18
2008-12-16,52.63
2008-12-15,48.85
2008-12-12,51.25
2008-12-11,48.25
2008-12-10,49.7
2008-12-09,51.25
2008-12-08,51.41
2008-12-05,48.26
2008-12-04,47.32
2008-12-03,45.21
2008-12-02,41.19
2008-12-01,40.47
2008-11-28,42.7
2008-11-26,43.96
2008-11-24,42.5
2008-11-21,37.87
2008-11-20,35.03
2008-11-19,35.84
2008-11-18,38.44
2008-11-17,39.69
2008-11-14,41.75
2008-11-13,44.93
2008-11-12,41.56
2008-11-11,46.3
2008-11-10,48.46
2008-11-07,49.21
2008-11-06,47.22
2008-11-05,51.98
2008-11-04,58.45
2008-11-03,55.77
2008-10-31,57.24
2008-10-30,56.71
2008-10-29,56.89
2008-10-28,56.04
2008-10-27,49.58
2008-10-24,48.96
2008-10-23,49.9
2008-10-22,49.99
2008-10-21,50.23
2008-10-20,52.97
2008-10-17,50.65
2008-10-16,45.2944
2008-10-15,48.72
2008-10-14,55.86
2008-10-13,62.02
2008-10-10,56.25
2008-10-09,56.0
2008-10-08,61.02
2008-10-07,58.52
2008-10-06,65.23
2008-10-03,67.0
2008-10-02,67.36
2008-10-01,69.58
2008-09-30,72.76
2008-09-29,63.35
2008-09-26,70.7
2008-09-25,72.08
2008-09-24,69.96
2008-09-23,71.76
2008-09-22,74.93
2008-09-19,81.0
2008-09-18,76.5
2008-09-17,71.54
2008-09-16,78.73
2008-09-15,78.32
2008-09-12,78.3
2008-09-11,79.51
2008-09-10,76.74
2008-09-09,79.04
2008-09-08,81.16
2008-09-05,79.19
2008-09-04,78.03
2008-09-03,80.77
2008-09-02,81.41
2008-08-29,80.81
2008-08-28,83.42
2008-08-27,81.73
2008-08-26,81.76
2008-08-25,82.85
2008-08-22,85.26
2008-08-21,83.26
2008-08-20,82.13
2008-08-19,81.29
2008-08-18,83.11
2008-08-15,86.4
2008-08-14,88.03
2008-08-13,86.69
2008-08-12,87.25
2008-08-08,80.51
2008-08-07,76.95
2008-08-06,78.09
2008-08-05,79.11
2008-08-04,75.71
2008-08-01,75.75
2008-07-31,76.34
2008-07-30,78.21
2008-07-28,75.98
2008-07-25,78.31
2008-07-24,78.72
2008-07-23,70.54
2008-07-22,67.97
2008-07-21,68.48
2008-07-18,69.12
2008-07-17,72.11
2008-07-16,71.84
2008-07-15,67.03
2008-07-14,66.28
2008-07-11,68.54
2008-07-10,70.63
2008-07-09,70.61
2008-07-08,75.04
2008-07-07,72.49
2008-07-03,72.0
2008-07-02,71.44
2008-07-01,73.62
2008-06-30,73.26
2008-06-27,74.66
2008-06-26,76.3
2008-06-25,80.51
2008-06-24,79.64
2008-06-23,80.68
2008-06-20,81.1
2008-06-19,84.26
2008-06-18,82.52
2008-06-17,82.97
2008-06-16,81.7
2008-06-13,79.17
2008-06-12,76.15
2008-06-11,77.28
2008-06-10,79.62
2008-06-09,79.43
2008-06-06,80.63
2008-06-05,84.51
2008-06-04,81.5
2008-06-03,80.11
2008-06-02,80.23
2008-05-30,81.62
2008-05-29,80.35
2008-05-28,80.08
2008-05-27,80.62
2008-05-23,78.35
2008-05-22,79.26
2008-05-21,78.3
2008-05-20,80.61
2008-05-19,82.1301
2008-05-16,76.46
2008-05-15,76.12
2008-05-14,74.2
2008-05-13,74.56
2008-05-12,74.53
2008-05-09,72.41
2008-05-08,72.79
2008-05-07,73.18
2008-05-06,75.71
2008-05-05,75.92
2008-05-02,77.31
2008-05-01,79.36
2008-04-30,78.63
2008-04-29,80.74
2008-04-28,81.97
2008-04-25,80.86
2008-04-24,77.69
2008-04-23,81.0
2008-04-22,79.6
2008-04-21,80.18
2008-04-18,80.1
2008-04-17,74.04
2008-04-16,74.59
2008-04-15,72.5
2008-04-14,72.61
2008-04-11,71.99
2008-04-10,74.83
2008-04-09,74.39
2008-04-08,77.3
2008-04-07,76.9
2008-04-04,76.87
2008-04-03,74.94
2008-04-02,77.37
2008-04-01,76.7
2008-03-31,71.3
2008-03-28,69.76
2008-03-27,70.8
2008-03-26,73.8
2008-03-25,75.17
2008-03-24,75.95
2008-03-20,73.19
2008-03-19,70.17
2008-03-18,71.7
2008-03-17,66.53
2008-03-14,68.22
2008-03-13,68.32
2008-03-12,66.51
2008-03-11,67.15
2008-03-10,63.47
2008-03-07,64.09
2008-03-06,62.74
2008-03-05,64.9901
2008-03-04,65.34
2008-03-03,62.43
2008-02-29,64.47
2008-02-28,67.85
2008-02-27,70.87
2008-02-26,71.69
2008-02-25,73.27
2008-02-22,72.08
2008-02-21,69.9
2008-02-20,73.64
2008-02-19,72.08
2008-02-15,72.96
2008-02-14,75.8
2008-02-13,77.73
2008-02-12,74.45
2008-02-11,75.19
2008-02-08,73.5
2008-02-07,70.91
2008-02-06,68.49
2008-02-05,72.09
2008-02-04,73.95
2008-02-01,74.63
2008-01-31,77.7
2008-01-30,74.21
2008-01-29,73.95
2008-01-28,75.82
2008-01-25,77.6
2008-01-24,77.67
2008-01-18,79.76
2008-01-17,80.12
2008-01-16,80.35
2008-01-15,80.24
2008-01-14,82.87
2008-01-11,81.08
2008-01-10,84.26
2008-01-09,85.22
2008-01-08,87.88
2008-01-07,88.82
2008-01-04,88.79
2008-01-03,95.21
2008-01-02,96.25
2007-12-31,92.64
2007-12-28,94.45
2007-12-27,94.25
2007-12-26,92.85
2007-12-24,91.01
2007-12-21,91.26
2007-12-20,90.58
2007-12-19,89.38
2007-12-18,86.89
2007-12-17,85.09
2007-12-14,89.08
2007-12-13,92.4
2007-12-12,91.28
2007-12-11,90.75
2007-12-10,93.02
2007-12-07,94.31
2007-12-06,94.21
2007-12-05,93.19
2007-12-04,94.41
2007-12-03,90.91
2007-11-30,90.56
2007-11-29,89.15
2007-11-28,90.3
2007-11-27,85.59
2007-11-26,81.3035
2007-11-23,81.43
2007-11-21,79.76
2007-11-20,80.39
2007-11-19,79.18
2007-11-16,78.6
2007-11-15,77.85
2007-11-14,78.51
2007-11-13,79.86
2007-11-12,77.0
2007-11-09,78.89
2007-11-08,83.58
2007-11-07,87.0438
2007-11-06,87.27
2007-11-05,84.37
2007-11-02,85.98
2007-11-01,87.65
2007-10-31,89.15
2007-10-30,88.24
2007-10-29,90.1
2007-10-26,90.0
2007-10-25,88.21
2007-10-24,88.73
2007-10-23,100.82
2007-10-22,91.29
2007-10-19,89.76
2007-10-18,89.85
2007-10-17,90.55
2007-10-16,89.53
2007-10-15,90.53
2007-10-12,92.37
2007-10-11,89.34
2007-10-10,94.66
2007-10-09,95.3237
2007-10-08,95.85
2007-10-05,93.43
2007-10-04,92.26
2007-10-03,92.455
2007-10-02,92.36
2007-10-01,93.41
2007-09-28,93.15
2007-09-27,93.38
2007-09-26,93.43
2007-09-25,93.4799
2007-09-24,92.59
2007-09-21,91.3
2007-09-20,89.65
2007-09-19,89.0
2007-09-18,88.75
2007-09-17,86.91
2007-09-14,87.77
2007-09-13,87.26
2007-09-12,87.3
2007-09-11,86.28
2007-09-10,83.34
2007-09-07,84.52
2007-09-06,86.21
2007-09-05,83.75
2007-09-04,82.7
2007-08-31,79.91
2007-08-30,78.68
2007-08-29,79.05
2007-08-28,76.22
2007-08-27,78.65
2007-08-24,79.25
2007-08-23,77.3
2007-08-22,78.5
2007-08-21,77.49
2007-08-20,74.7
2007-08-17,75.02
2007-08-16,72.79
2007-08-15,72.38
2007-08-14,73.45
2007-08-13,74.87
2007-08-10,74.7801
2007-08-09,74.11
2007-08-08,77.78
2007-08-07,79.14
2007-08-06,79.0
2007-08-03,76.7999
2007-08-02,79.71
2007-08-01,77.31
2007-07-31,78.54
2007-07-30,82.7
2007-07-27,84.0399
2007-07-26,84.01
2007-07-25,86.1799
2007-07-24,69.484
2007-07-23,71.74
2007-07-20,71.63
2007-07-19,73.35
2007-07-18,73.32
2007-07-17,73.79
2007-07-16,73.69
2007-07-13,75.1
2007-07-12,72.79
2007-07-11,70.73
2007-07-10,70.28
2007-07-09,72.0699
2007-07-06,68.97
2007-07-05,68.73
2007-07-03,69.45
2007-07-02,69.61
2007-06-29,68.41
2007-06-28,68.89
2007-06-27,68.14
2007-06-26,67.48
2007-06-25,68.66
2007-06-22,68.86
2007-06-21,69.67
2007-06-20,69.1
2007-06-19,69.81
2007-06-18,71.83
2007-06-15,72.4
2007-06-14,71.94
2007-06-13,70.888
2007-06-12,70.07
2007-06-11,71.17
2007-06-08,73.24
2007-06-07,72.0399
2007-06-06,72.29
2007-06-05,73.65
2007-06-04,70.42
2007-06-01,68.58
2007-05-31,69.14
2007-05-30,69.86
2007-05-29,69.63
2007-05-25,68.55
2007-05-24,69.35
2007-05-23,69.0
2007-05-22,68.88
2007-05-21,68.3
2007-05-18,63.3
2007-05-17,62.17
2007-05-16,63.22
2007-05-15,60.58
2007-05-14,61.7
2007-05-11,61.56
2007-05-10,60.92
2007-05-09,62.85
2007-05-08,61.83
2007-05-07,60.82
2007-05-04,63.23
2007-05-03,62.19
2007-05-02,61.18
2007-05-01,61.185
2007-04-30,61.33
2007-04-27,62.601
2007-04-26,62.781
2007-04-25,56.81
2007-04-24,44.75
2007-04-23,44.77
2007-04-20,44.95
2007-04-19,44.64
2007-04-18,44.99
2007-04-17,45.07
2007-04-16,45.2
2007-04-13,42.41
2007-04-12,42.27
2007-04-11,41.68
2007-04-10,41.86
2007-04-09,41.66
2007-04-05,41.68
2007-04-04,41.53
2007-04-03,41.19
2007-04-02,40.42
2007-03-30,39.79
2007-03-29,39.81
2007-03-28,39.34
2007-03-27,39.37
2007-03-26,39.01
2007-03-23,38.98
2007-03-22,39.49
2007-03-21,39.8
2007-03-20,38.58
2007-03-19,38.45
2007-03-16,37.85
2007-03-15,37.78
2007-03-14,38.08
2007-03-13,37.82
2007-03-12,38.81
2007-03-09,38.84
2007-03-08,38.1
2007-03-07,38.36
2007-03-06,38.58
2007-03-05,37.05
2007-03-02,37.69
2007-03-01,38.85
2007-02-28,39.14
2007-02-27,38.83
2007-02-26,40.8799
2007-02-23,40.78
2007-02-22,41.0
2007-02-21,41.26
2007-02-20,41.51
2007-02-16,40.33
2007-02-15,40.06
2007-02-14,40.14
2007-02-13,39.31
2007-02-12,38.85
2007-02-09,38.72
2007-02-08,39.1
2007-02-07,38.92
2007-02-06,38.27
2007-02-05,37.16
2007-02-02,37.39
2007-02-01,38.7
2007-01-31,37.67
2007-01-30,37.05
2007-01-29,37.43
2007-01-26,36.85
2007-01-25,37.08
2007-01-24,37.26
2007-01-23,36.43
2007-01-22,36.95
2007-01-19,37.02
2007-01-18,36.98
2007-01-17,37.88
2007-01-16,38.66
2007-01-12,38.2
2007-01-11,37.4
2007-01-10,37.15
2007-01-09,37.78
2007-01-08,37.5
2007-01-05,38.37
2007-01-04,38.9
2007-01-03,38.7
2007-01-02,39.46
2006-12-29,39.46
2006-12-28,40.21
2006-12-27,40.29
2006-12-22,40.24
2006-12-21,39.89
2006-12-20,40.01
2006-12-19,39.42
2006-12-18,39.26
2006-12-15,40.01
2006-12-14,39.02
2006-12-13,38.5
2006-12-11,38.69
2006-12-08,38.46
2006-12-07,38.12
2006-12-06,38.9
2006-12-05,38.98
2006-12-04,39.1
2006-12-01,39.41
2006-11-30,40.34
2006-11-29,40.63
2006-11-28,40.92
2006-11-27,40.85
2006-11-24,42.41
2006-11-22,42.96
2006-11-21,42.54
2006-11-20,42.44
2006-11-17,42.55
2006-11-16,42.84
2006-11-15,42.6
2006-11-14,41.51
2006-11-13,39.99
2006-11-10,39.26
2006-11-09,38.84
2006-11-08,39.47
2006-11-07,38.77
2006-11-06,38.21
2006-11-03,37.46
2006-11-02,37.46
2006-11-01,37.47
2006-10-31,38.09
2006-10-30,38.15
2006-10-27,38.24
2006-10-26,38.3
2006-10-25,37.68
2006-10-24,33.63
2006-10-23,32.88
2006-10-20,32.57
2006-10-19,32.54
2006-10-18,32.31
2006-10-17,32.47
2006-10-16,32.6
2006-10-13,33.32
2006-10-12,33.55
2006-10-11,32.91
2006-10-10,32.62
2006-10-09,33.38
2006-10-06,32.59
2006-10-05,33.32
2006-10-04,32.76
2006-10-03,31.7
2006-10-02,30.87
2006-09-29,32.12
2006-09-28,31.84
2006-09-27,32.33
2006-09-26,32.5
2006-09-25,31.79
2006-09-22,30.84
2006-09-21,30.22
2006-09-20,32.12
2006-09-19,31.58
2006-09-18,32.08
2006-09-15,32.52
2006-09-14,31.65
2006-09-13,31.67
2006-09-12,31.72
2006-09-11,30.79
2006-09-08,30.51
2006-09-07,29.73
2006-09-06,30.8
2006-09-05,32.23
2006-09-01,31.76
2006-08-31,30.83
2006-08-30,30.67
2006-08-29,29.52
2006-08-28,28.91
2006-08-25,28.03
2006-08-24,27.97
2006-08-23,28.14
2006-08-22,28.37
2006-08-21,28.13
2006-08-18,29.12
2006-08-17,29.09
2006-08-16,27.95
2006-08-15,27.77
2006-08-14,26.53
2006-08-11,26.07
2006-08-10,26.49
2006-08-09,26.21
2006-08-08,26.36
2006-08-07,26.78
2006-08-04,27.29
2006-08-03,26.69
2006-08-02,26.09
2006-08-01,26.32
2006-07-31,26.89
2006-07-28,27.17
2006-07-27,26.56
2006-07-26,26.26
2006-07-25,33.59
2006-07-24,33.75
2006-07-21,33.19
2006-07-20,34.18
2006-07-19,34.45
2006-07-18,33.49
2006-07-17,33.67
2006-07-14,32.93
2006-07-13,33.73
2006-07-12,34.63
2006-07-11,35.66
2006-07-10,35.79
2006-07-07,36.11
2006-07-06,36.8
2006-07-05,37.11
2006-07-03,38.61
2006-06-30,38.68
2006-06-29,38.52
2006-06-26,36.77
2006-06-23,36.55
2006-06-22,36.37
2006-06-21,36.65
2006-06-20,35.48
2006-06-19,35.07
2006-06-16,35.09
2006-06-15,34.96
2006-06-14,33.68
2006-06-13,33.47
2006-06-12,33.6
2006-06-09,33.78
2006-06-08,33.55
2006-06-07,33.77
2006-06-06,33.41
2006-06-05,33.49
2006-06-02,34.76
2006-06-01,35.07
2006-05-31,34.61
2006-05-30,34.64
2006-05-26,36.07
2006-05-25,35.63
2006-05-24,35.19
2006-05-23,33.76
2006-05-22,34.83
2006-05-19,33.94
2006-05-18,32.61
2006-05-17,31.61
2006-05-16,32.75
2006-05-15,32.78
2006-05-12,32.73
2006-05-11,33.54
2006-05-10,34.16
2006-05-09,34.83
2006-05-08,34.69
2006-05-05,35.0
2006-05-04,34.47
2006-05-03,33.96
2006-05-02,34.38
2006-05-01,34.59
2006-04-28,35.22
2006-04-27,35.74
2006-04-26,35.79
2006-04-25,35.55
2006-04-24,35.79
2006-04-21,35.98
2006-04-20,36.34
2006-04-19,36.89
2006-04-18,36.28
2006-04-17,35.26
2006-04-13,36.62
2006-04-12,36.13
2006-04-11,36.06
2006-04-10,36.61
2006-04-07,37.09
2006-04-06,38.51
2006-04-05,37.34
2006-04-04,36.77
2006-04-03,36.14
2006-03-31,36.53
2006-03-30,36.67
2006-03-29,36.33
2006-03-28,35.69
2006-03-27,35.25
2006-03-24,35.47
2006-03-23,35.68
2006-03-22,36.0
2006-03-21,35.92
2006-03-20,36.23
2006-03-17,35.99
2006-03-16,36.77
2006-03-15,36.89
2006-03-14,36.91
2006-03-13,36.19
2006-03-10,36.22
2006-03-09,36.12
2006-03-08,36.81
2006-03-07,36.93
2006-03-06,36.86
2006-03-03,37.21
2006-03-02,36.88
2006-03-01,37.14
2006-02-28,37.49
2006-02-27,38.01
2006-02-24,38.35
2006-02-23,37.88
2006-02-22,38.7216
2006-02-21,38.29
2006-02-17,39.19
2006-02-16,39.15
2006-02-15,39.2443
2006-02-14,38.25
2006-02-13,37.86
2006-02-10,38.4168
2006-02-09,37.99
2006-02-08,38.17
2006-02-07,37.52
2006-02-06,37.95
2006-02-03,38.33
2006-02-02,42.74
2006-02-01,43.98
2006-01-31,44.82
2006-01-30,44.92
2006-01-27,45.22
2006-01-26,44.946
2006-01-25,43.6
2006-01-24,44.02
2006-01-23,43.73
2006-01-20,43.92
2006-01-19,44.45
2006-01-18,44.32
2006-01-17,44.0
2006-01-13,44.4
2006-01-12,44.36
2006-01-11,44.93
2006-01-10,45.64
2006-01-09,47.08
2006-01-06,47.87
2006-01-05,47.65
2006-01-04,47.25
2006-01-03,47.58
2005-12-30,47.15
2005-12-28,48.09
2005-12-23,49.22
2005-12-22,49.22
2005-12-21,48.97
2005-12-20,48.14
2005-12-19,48.37
2005-12-16,49.21
2005-12-15,49.48
2005-12-14,49.41
2005-12-13,49.5
2005-12-09,48.74
2005-12-08,48.35
2005-12-07,48.83
2005-12-06,49.31
2005-12-05,48.83
2005-12-02,49.06
2005-12-01,49.04
2005-11-30,48.46
2005-11-29,48.57
2005-11-28,48.35
2005-11-25,48.06
2005-11-23,48.24
2005-11-22,48.89
2005-11-21,48.01
2005-11-18,47.9
2005-11-17,46.757
2005-11-16,45.3
2005-11-15,44.97
2005-11-14,44.7
2005-11-11,42.68
2005-11-10,42.18
2005-11-09,41.4
2005-11-08,41.95
2005-11-07,41.4
2005-11-04,41.09
2005-11-03,41.56
2005-11-02,40.75
2005-11-01,40.37
2005-10-31,39.88
2005-10-28,38.98
2005-10-27,39.08
2005-10-26,39.75
2005-10-25,42.63
2005-10-24,46.93
2005-10-21,45.95
2005-10-20,45.01
2005-10-19,45.86
2005-10-18,44.65
2005-10-17,45.02
2005-10-14,43.79
2005-10-13,42.7189
2005-10-12,42.551
2005-10-11,43.4
2005-10-07,43.72
2005-10-06,44.01
2005-10-05,44.49
2005-10-04,44.93
2005-10-03,46.0097
2005-09-30,45.3
2005-09-29,44.793
2005-09-28,43.37
2005-09-26,43.33
2005-09-23,42.19
2005-09-22,42.08
2005-09-21,41.25
2005-09-20,41.88
2005-09-19,42.75
2005-09-16,42.7994
2005-09-15,42.71
2005-09-14,43.05
2005-09-13,43.93
2005-09-12,44.4991
2005-09-09,42.9499
2005-09-08,42.99
2005-09-07,43.727
2005-09-06,43.62
2005-09-02,41.5
2005-09-01,41.84
2005-08-31,42.6997
2005-08-29,42.79
2005-08-26,42.4
2005-08-25,42.31
2005-08-24,42.3
2005-08-23,43.42
2005-08-22,43.77
2005-08-19,43.72
2005-08-18,43.73
2005-08-17,44.21
2005-08-16,44.27
2005-08-15,45.07
2005-08-12,44.2
2005-08-11,45.21
2005-08-10,44.7614
2005-08-09,45.93
2005-08-08,45.66
2005-08-05,45.28
2005-08-04,45.47
2005-08-03,46.1
2005-08-02,46.51
2005-08-01,44.96
2005-07-29,45.17
2005-07-28,43.65
2005-07-26,41.68
2005-07-25,37.86
2005-07-22,37.95
2005-07-21,37.95
2005-07-20,38.17
2005-07-19,38.17
2005-07-18,37.19
2005-07-15,37.15
2005-07-14,37.19
2005-07-13,36.51
2005-07-12,36.31
2005-07-11,35.59
2005-07-08,34.74
2005-07-07,33.95
2005-07-06,34.07
2005-07-05,34.08
2005-07-01,32.91
2005-06-30,33.08
2005-06-29,33.7
2005-06-28,33.73
2005-06-27,34.52
2005-06-24,35.034
2005-06-23,35.14
2005-06-22,35.22
2005-06-21,35.38
2005-06-20,35.69
2005-06-17,35.22
2005-06-16,35.58
2005-06-14,35.08
2005-06-13,34.87
2005-06-10,34.95
2005-06-09,35.2
2005-06-08,34.84
2005-06-07,35.35
2005-06-06,35.77
2005-06-03,35.62
2005-06-02,36.507
2005-06-01,36.5
2005-05-31,35.5384
2005-05-27,35.5
2005-05-26,35.45
2005-05-25,35.25
2005-05-24,35.54
2005-05-23,35.68
2005-05-20,35.5
2005-05-19,35.59
2005-05-18,35.33
2005-05-17,34.73
2005-05-16,34.54
2005-05-13,33.9
2005-05-12,33.85
2005-05-11,33.787
2005-05-10,34.23
2005-05-09,34.68
2005-05-06,34.52
2005-05-05,33.99
2005-05-04,33.935
2005-05-03,33.22
2005-05-02,33.1
2005-04-29,32.36
2005-04-28,32.52
2005-04-27,31.72
2005-04-26,30.98
2005-04-25,33.53
2005-04-22,33.04
2005-04-21,33.79
2005-04-20,33.25
2005-04-19,32.67
2005-04-18,33.0
2005-04-15,33.04
2005-04-14,33.96
2005-04-13,34.31
2005-04-12,34.63
2005-04-11,34.6
2005-04-08,34.57
2005-04-07,34.9
2005-04-06,34.82
2005-04-05,35.28
2005-04-04,35.03
2005-04-01,34.01
2005-03-31,34.27
2005-03-30,34.32
2005-03-29,33.74
2005-03-28,33.39
2005-03-24,33.37
2005-03-23,33.18
2005-03-22,33.15
2005-03-21,33.67
2005-03-18,34.16
2005-03-17,33.97
2005-03-16,33.89
2005-03-15,34.18
2005-03-14,34.6
2005-03-11,34.75
2005-03-10,34.91
2005-03-09,35.4
2005-03-08,35.83
2005-03-07,36.32
2005-03-04,35.85
2005-03-03,35.65
2005-03-02,35.5
2005-03-01,34.92
2005-02-28,35.18
2005-02-25,34.99
2005-02-24,34.69
2005-02-23,34.14
2005-02-22,34.72
2005-02-18,35.31
2005-02-17,35.69
2005-02-16,35.66
2005-02-15,36.14
2005-02-14,36.03
2005-02-11,35.78
2005-02-10,35.78
2005-02-09,35.92
2005-02-08,36.3
2005-02-07,35.69
2005-02-04,35.72
2005-02-02,36.83
2005-02-01,42.48
2005-01-31,43.2127
2005-01-28,42.22
2005-01-27,42.248
2005-01-26,49.21
2005-01-25,40.94
2005-01-24,40.38
2005-01-21,41.16
2005-01-20,42.36
2005-01-19,43.96
2005-01-18,44.58
2005-01-14,44.55
2005-01-13,42.6
2005-01-12,42.3
2005-01-11,41.64
2005-01-10,41.84
2005-01-06,41.05
2005-01-05,41.77
2005-01-04,42.142
2005-01-03,44.43
2004-12-30,44.97
2004-12-29,44.82
2004-12-28,44.63
2004-12-27,42.25
2004-12-23,38.93
2004-12-22,39.52
2004-12-21,39.39
2004-12-20,38.95
2004-12-17,40.01
2004-12-16,40.055
2004-12-15,41.0
2004-12-14,40.44
2004-12-13,39.83
2004-12-10,39.04
2004-12-09,39.82
2004-12-08,38.66
2004-12-07,38.22
2004-12-06,39.49
2004-12-03,40.09
2004-12-02,40.165
2004-12-01,39.78
2004-11-30,39.68
2004-11-29,38.94
2004-11-26,39.08
2004-11-24,38.75
2004-11-23,38.31
2004-11-22,38.05
2004-11-19,38.553
2004-11-18,40.37
2004-11-17,39.9
2004-11-16,40.07
2004-11-15,40.89
2004-11-12,40.56
2004-11-11,38.83
2004-11-10,38.09
2004-11-09,37.4
2004-11-08,37.32
2004-11-05,36.56
2004-11-04,36.86
2004-11-03,35.92
2004-11-02,36.24
2004-10-29,34.13
2004-10-28,34.45
2004-10-27,34.237
2004-10-26,33.83
2004-10-25,33.97
2004-10-22,34.6
2004-10-21,39.47
2004-10-20,38.35
2004-10-19,38.38
2004-10-18,39.25
2004-10-15,38.55
2004-10-14,39.1
2004-10-13,39.98
2004-10-12,40.27
2004-10-11,40.15
2004-10-08,40.0
2004-10-07,41.15
2004-10-06,41.36
2004-10-05,40.96
2004-10-04,41.0
2004-10-01,40.47
2004-09-30,40.86
2004-09-29,40.69
2004-09-28,39.43
2004-09-27,39.921
2004-09-24,40.94
2004-09-23,41.83
2004-09-22,41.38
2004-09-21,43.15
2004-09-20,43.27
2004-09-17,42.96
2004-09-16,42.57
2004-09-15,42.21
2004-09-14,42.67
2004-09-13,40.01
2004-09-10,38.57
2004-09-09,38.07
2004-09-08,38.73
2004-09-07,38.51
2004-09-03,38.74
2004-09-02,39.18
2004-09-01,38.24
2004-08-31,38.14
2004-08-30,38.31
2004-08-27,39.9
2004-08-26,40.19
2004-08-25,40.3
2004-08-24,39.05
2004-08-23,39.45
2004-08-20,39.51
2004-08-19,38.63
2004-08-18,39.36
2004-08-17,38.23
2004-08-16,37.95
2004-08-13,36.13
2004-08-12,36.28
2004-08-11,36.56
2004-08-10,36.7
2004-08-09,35.32
2004-08-06,35.4
2004-08-05,35.61
2004-08-04,37.12
2004-08-03,37.61
2004-08-02,38.3
2004-07-30,38.92
2004-07-29,38.58
2004-07-28,37.97
2004-07-27,39.11
2004-07-26,38.78
2004-07-23,39.91
2004-07-22,43.29
2004-07-21,43.79
2004-07-20,46.99
2004-07-19,46.02
2004-07-16,47.1
2004-07-15,48.61
2004-07-14,49.5
2004-07-13,49.53
2004-07-12,48.33
2004-07-09,48.32
2004-07-08,49.5
2004-07-07,51.0
2004-07-06,51.24
2004-07-02,52.59
2004-07-01,52.56
2004-06-30,54.4
2004-06-29,53.71
2004-06-28,53.39
2004-06-25,51.8
2004-06-24,51.02
2004-06-23,50.81
2004-06-22,48.9853
2004-06-21,49.77
2004-06-18,49.6
2004-06-17,49.77
2004-06-16,50.57
2004-06-15,50.11
2004-06-14,49.25
2004-06-11,49.94
2004-06-10,49.94
2004-06-09,50.24
2004-06-08,51.94
2004-06-07,51.76
2004-06-04,50.95
2004-06-03,49.4
2004-06-02,50.35
2004-06-01,50.23
2004-05-28,48.5
2004-05-27,47.62
2004-05-26,44.69
2004-05-25,43.62
2004-05-24,41.63
2004-05-21,41.17
2004-05-20,40.98
2004-05-19,41.69
2004-05-18,41.99
2004-05-17,42.08
2004-05-14,43.05
2004-05-13,43.61
2004-05-12,43.02
2004-05-11,42.7
2004-05-10,41.26
2004-05-07,41.9
2004-05-06,43.14
2004-05-05,44.26
2004-05-04,43.95
2004-05-03,44.41
2004-04-30,43.6
2004-04-29,46.19
2004-04-28,46.97
2004-04-27,48.0
2004-04-26,47.25
2004-04-23,46.29
2004-04-22,48.86
2004-04-21,45.72
2004-04-20,45.2
2004-04-19,47.11
2004-04-16,45.5
2004-04-15,46.99
2004-04-14,46.79
2004-04-13,46.58
2004-04-12,47.96
2004-04-08,48.1
2004-04-07,45.85
2004-04-06,46.44
2004-04-05,46.96
2004-04-02,46.09
2004-04-01,44.74
2004-03-31,43.28
2004-03-30,43.8
2004-03-29,42.7559
2004-03-26,41.7
2004-03-25,42.0495
2004-03-24,39.595
2004-03-23,40.23
2004-03-22,40.85
2004-03-19,42.8
2004-03-18,43.01
2004-03-17,42.8
2004-03-16,42.08
2004-03-15,41.11
2004-03-12,42.41
2004-03-11,41.2
2004-03-10,41.55
2004-03-09,42.71
2004-03-08,43.48
2004-03-05,44.024
2004-03-04,44.38
2004-03-03,42.35
2004-03-02,42.01
2004-03-01,42.97
2004-02-27,43.15
2004-02-26,43.65
2004-02-25,42.94
2004-02-24,42.32
2004-02-23,43.97
2004-02-20,45.17
2004-02-19,44.65
2004-02-18,44.87
2004-02-17,45.53
2004-02-13,46.38
2004-02-12,47.06
2004-02-11,47.14
2004-02-10,45.59
2004-02-09,45.86
2004-02-06,46.35
2004-02-05,46.04
2004-02-04,45.39
2004-02-03,44.94
2004-02-02,48.27
2004-01-30,50.4
2004-01-29,49.22
2004-01-28,51.96
2004-01-27,55.74
2004-01-26,57.03
2004-01-23,57.11
2004-01-22,57.18
2004-01-21,56.2
2004-01-20,56.61
2004-01-16,55.72
2004-01-15,56.18
2004-01-14,55.8
2004-01-13,54.91
2004-01-12,52.95
2004-01-09,51.59
2004-01-08,50.24
2004-01-07,51.9
2004-01-06,53.03
2004-01-05,53.27
2004-01-02,51.9
2003-12-31,52.62
2003-12-30,52.83
2003-12-29,53.47
2003-12-26,53.47
2003-12-24,53.32
2003-12-23,52.48
2003-12-22,49.89
2003-12-19,49.24
2003-12-18,48.75
2003-12-17,47.58
2003-12-16,49.5
2003-12-15,50.41
2003-12-12,50.99
2003-12-11,50.8
2003-12-10,49.2
2003-12-09,49.34
2003-12-08,51.08
2003-12-05,51.56
2003-12-04,51.8
2003-12-03,51.51
2003-12-02,53.93
2003-12-01,54.65
2003-11-28,53.97
2003-11-26,52.96
2003-11-25,52.47
2003-11-24,51.33
2003-11-21,48.58
2003-11-20,48.85
2003-11-19,49.53
2003-11-18,48.5
2003-11-17,50.36
2003-11-14,52.45
2003-11-13,54.8
2003-11-12,54.13
2003-11-11,52.23
2003-11-10,51.98
2003-11-07,54.31
2003-11-06,54.99
2003-11-05,56.74
2003-11-04,56.86
2003-11-03,56.74
2003-10-31,54.43
2003-10-30,55.83
2003-10-29,56.69
2003-10-28,56.73
2003-10-27,54.82
2003-10-24,54.51
2003-10-23,54.32
2003-10-22,54.03
2003-10-21,59.35
2003-10-20,59.59
2003-10-17,59.69
2003-10-16,59.91
2003-10-15,58.54
2003-10-14,59.91
2003-10-13,58.3
2003-10-10,58.06
2003-10-09,57.86
2003-10-08,55.7
2003-10-07,54.91
2003-10-06,54.15
2003-10-03,52.89
2003-10-02,50.09
2003-10-01,49.12
2003-09-30,48.43
2003-09-29,49.86
2003-09-26,48.56
2003-09-25,50.05
2003-09-24,49.61
2003-09-23,50.44
2003-09-22,47.47
2003-09-19,47.58
2003-09-18,47.89
2003-09-17,46.16
2003-09-16,46.24
2003-09-15,45.51
2003-09-12,45.68
2003-09-11,45.19
2003-09-10,46.22
2003-09-09,46.68
2003-09-08,47.28
2003-09-05,46.52
2003-09-04,47.29
2003-09-03,46.19
2003-09-02,47.33
2003-08-29,46.32
2003-08-28,45.94
2003-08-27,45.88
2003-08-26,45.93
2003-08-25,45.85
2003-08-22,45.22
2003-08-21,45.7
2003-08-20,43.76
2003-08-19,43.57
2003-08-18,40.1
2003-08-15,40.1
2003-08-14,40.3
2003-08-13,40.21
2003-08-12,39.85
2003-08-11,38.93
2003-08-08,39.15
2003-08-07,39.01
2003-08-06,38.94
2003-08-05,38.67
2003-08-04,39.65
2003-08-01,40.03
2003-07-31,41.64
2003-07-30,40.66
2003-07-29,41.39
2003-07-28,42.08
2003-07-25,41.6
2003-07-24,41.31
2003-07-23,40.11
2003-07-22,34.87
2003-07-21,35.33
2003-07-18,34.98
2003-07-17,36.32
2003-07-16,37.68
2003-07-15,38.43
2003-07-14,39.27
2003-07-11,37.65
2003-07-10,38.25
2003-07-09,40.5
2003-07-08,40.51
2003-07-07,39.05
2003-07-03,37.92
2003-07-02,37.85
2003-07-01,37.25
2003-06-30,36.32
2003-06-27,36.3
2003-06-26,36.72
2003-06-25,35.39
2003-06-24,35.4
2003-06-23,35.58
2003-06-20,35.04
2003-06-19,35.5
2003-06-18,35.85
2003-06-17,35.84
2003-06-16,35.84
2003-06-13,34.13
2003-06-12,35.2
2003-06-11,34.65
2003-06-10,34.07
2003-06-09,33.68
2003-06-06,33.35
2003-06-05,35.52
2003-06-04,35.39
2003-06-03,35.23
2003-06-02,35.4
2003-05-30,35.89
2003-05-29,35.55
2003-05-28,34.86
2003-05-27,34.85
2003-05-23,32.72
2003-05-22,33.0
2003-05-21,31.75
2003-05-20,31.48
2003-05-19,31.56
2003-05-16,33.05
2003-05-15,32.63
2003-05-14,32.6
2003-05-13,32.95
2003-05-12,31.7
2003-05-09,30.96
2003-05-08,30.45
2003-05-07,30.7
2003-05-06,30.88
2003-05-05,29.96
2003-05-02,29.43
2003-05-01,28.66
2003-04-30,28.69
2003-04-29,28.89
2003-04-28,29.11
2003-04-25,28.97
2003-04-24,25.12
2003-04-23,25.43
2003-04-22,25.58
2003-04-21,25.25
2003-04-17,24.99
2003-04-16,24.38
2003-04-15,25.13
2003-04-14,25.05
2003-04-11,25.75
2003-04-10,25.67
2003-04-09,25.06
2003-04-08,26.52
2003-04-07,26.82
2003-04-04,26.22
2003-04-03,26.65
2003-04-02,26.38
2003-04-01,25.54
2003-03-31,26.03
2003-03-28,27.18
2003-03-27,27.77
2003-03-26,27.76
2003-03-25,26.9
2003-03-24,26.23
2003-03-21,27.93
2003-03-20,27.45
2003-03-19,26.54
2003-03-18,26.78
2003-03-17,26.55
2003-03-14,24.71
2003-03-13,24.42
2003-03-12,23.36
2003-03-11,22.78
2003-03-10,22.88
2003-03-07,22.97
2003-03-06,22.69
2003-03-05,22.42
2003-03-04,22.27
2003-03-03,21.81
2003-02-28,22.01
2003-02-27,21.62
2003-02-26,21.64
2003-02-25,21.88
2003-02-24,21.78
2003-02-21,21.78
2003-02-20,21.36
2003-02-19,21.19
2003-02-18,21.39
2003-02-14,20.06
2003-02-13,20.06
2003-02-12,21.13
2003-02-11,20.78
2003-02-10,21.4
2003-02-07,21.44
2003-02-06,22.09
2003-02-05,22.17
2003-02-04,22.05
2003-02-03,22.16
2003-01-31,21.85
2003-01-30,21.82
2003-01-29,22.08
2003-01-28,21.62
2003-01-27,21.78
2003-01-24,22.11
2003-01-23,21.79
2003-01-22,21.17
2003-01-21,21.08
2003-01-17,21.4
2003-01-16,21.8
2003-01-15,22.27
2003-01-14,22.74
2003-01-13,22.04
2003-01-10,21.32
2003-01-09,21.45
2003-01-08,21.02
2003-01-07,21.55
2003-01-06,20.7
2003-01-03,20.52
2003-01-02,19.57
